index,text,label,target
575,"ppl are hoarding tp, hand sanitizer etc. setting up make shift hospitals, quarantines. ny is shut down, curfews, no flights into our country from anywhere basically but, @USER @USER is the existential threat to america. ok. all i gotta say 
#trumppence2020 #demdebate",0,biden
506,"@USER @USER amen
he is like that one friend who will do anything for you but always says something crazy &amp; gets you in a fight. still you can't help but love him!
-god bless donald j. trumpâ€
#trump2020",0,biden
564,"what's up party people!?
#trump2020 â¤ğŸ¤ğŸ’™ğŸ‡ºğŸ‡² HTTP",0,biden
109,"trump is a scammer ... both his charity and his university he is a scammer you still do not stop supporting them
trump is a scammer , both his charity and his university are scammers you still do not give up your support   #trump2020  #biden #portlandprotests  #blacklivesmatter HTTP",1,biden
296,"@USER biden is lame if he can't handle a freaking 90 minute debate...you demonrats i swear, he is so messed up.",0,biden
831,"@USER hey dems
would you attend a democratic ""unify to win""
#votebluenomatterwho
rally in d.c.

 #unifytowin  #votebluetosaveamerica",1,biden
736,"@USER where is your mask, sheep? you actually believe that pres trump is trying to sabotage the postal service? every hoax that you and your partisan party has been completely destroyed. grasping at straws. thank god that the rest of the country is smarter than you jennifer. #trump2020",0,biden
301,@USER democrats at their convention wish to segregate the united states into groups by gender and race. the republicans swore in people from different races and genders into becoming americans #trump2020 and an immigrant was headline speaker. #cspan,0,biden
100,@USER we know better joe. #trump2020 @USER  @USER  â¤ï¸ğŸ‡ºğŸ‡¸ğŸ•º HTTP,0,biden
113,"@USER @USER @USER @USER this guy is excused. he earned the right to do whatever the f*** he wants.
#veteransfortrump 
#trump2020 HTTP",0,biden
858,@USER maybe we should nominate her for president because the ones we have fall way short! #shegotitright #jayapal #dncplatform #joebiden,1,biden
177,nyt editorial board slams mcconnell for blocking stimulus with â€˜political charadeâ€™ as he goes on vacation - HTTP,1,biden
237,"together we will beat donald trump â€“ #joebiden for president: official campaign website â€œkamalaâ€™s mother told her growing up â€œdonâ€™t sit around and complain about things, do something,â€ which is what drives #kamala every single day.â€ #vote #donate  HTTP",1,biden
865,"equity vs equality

let's stop talking about who gets what for free.

let's remove barriers.

#voteblue #blacklivesmatter #dotherightthing 
#justiceforall #educationforall #healthcareforall 
#opportunities #buildbackbetter HTTP",1,biden
397,@USER but why? she insulted the hell out of him! she almost derailed #biden's candidacy during the primaries with some warped illadvised statements on busing. i'd much rather tracey. #biden2020,1,biden
548,"my #trumpcult aunt told my mom that celebrities are vampires killing children to drink their blood in order to stay young. 
what in the actual fuck is wrong with these crazies? i told her to lay off the youtube. 

#votebluetosaveamerica",1,biden
53,"good morning!

hey texas! *thirty days* until early in-person voting!

51 days to nov 3. 

mail-in ballots should be arriving any day. shout out when you receive yours please. 

weâ€™re going to do this!

#joebiden #kamalaharris HTTP",1,biden
257,@USER it's september 1st and you haven't done anything to help american citizens. you're holding up money to try and get your ridiculous wish list. #trump2020 #voteredtosaveamerica2020,0,biden
643,@USER no i think the debacle of 2016 was the worst and most corrupt election it was interfered by russia and youâ€™re trying to do it again this year thatâ€™s why you donâ€™t want paper votes because you canâ€™t get into machines. weâ€™re not stupid! no voter suppression #votebluetosaveamerica,1,biden
699,"and when he ups the energy, biden just sounds angry, not an inspiring angry. #demdebate",0,biden
116,"@USER â€œa nation that values its privileges above its principles soon loses bothâ€ eisenhower 1/20/1953. we now have a president with no principles, no values, no empathy.  he refuses to honor the constitution.  we must vote trump &amp; all who support him out #votebluetosaveamerica",1,biden
330,@USER biden just showing up and finishing wins! the expectation is set soooo low that he will win just by showing up. regardless of what happens.,1,biden
339,"@USER additional that same idiotic logic that so many people believe when they voted for this mad man we have in our house. what do you have to lose??? we new, and itâ€™s even worse. #biden2020",1,biden
182,living for @USER tweets rn. savage af and iâ€™m here for it ğŸ™ŒğŸ˜‚ #dumptrump #bidenharris2020 HTTP,1,biden
49,"joe biden to meet with jacob blake, sr., who has long history of racist, anti-semitic, and anti-christian posts, in kenosha HTTP",0,biden
434,"@USER i have no idea how he didnâ€™t curse out trump. joe is a far stronger person than most people. honestly, that part had nothing to do with policy but showed me how biden would be as president",1,biden
311,@USER i wasn't impressed by his speech. those proposals could have came from any ordinary folk's mouth. does #joebiden really know how to run the country? hmmmmm.,0,biden
609,"@USER trump/republican will not be messing with the mail. he stated this would happen, and sure enough it is. harris/biden/pelosi/ schumer are the cause of this mess. no surprise!",0,biden
717,"@USER @USER biden's ""...living will."" no truer words. ğŸ˜‚ well written statement. #kag #americafirst #trump2020 @USER @USER @USER",0,biden
217,"#imvotingforjoe because i'm tired of seeing this moesha vs. monica crap at #1
#moesha #joebiden #trumpmeltdown",1,biden
645,"@USER @USER elizabeth warren brought a 10 blade to the stage tonight!

she is amazing!

#debatenight #debate #warren #warren2020 #democrats2020 #democraticdebate #senatorwarren @USER #votethemallout2020 #votebluetosaveamerica #votebluetoendthisnightmare #votebluetostoprussiasgop",1,biden
817,@USER so many people are blinded by their hatred for @USER because of the fake news and schemers they will never realize he might actual be the answer to our problems. just let the man work! #trump2020 #trumpunleashed HTTP,0,biden
98,@USER oh please... how about releasing your taxes! #dumptrumperdinck #dumptrump2020 #dumptrump #releaseyourtaxestrump #trumpisaliar #trumptaxreturns #trumpcrimefamily #trumpisafake #trumpisaphony #trumpisfake #phonytrump,1,biden
368,"@USER @USER of course you are reaching people! the only reason i am on twitter is to connect me with like-minded people who share a common goal-- end this national nightmare! 
#votebluetosaveamerica",1,biden
205,"soooo @USER @USER @USER @USER @USER @USER #maga #coronavirus  has he made ğŸ‡ºğŸ‡¸ great 4u? has a friend, family, or a friends family member died, got/is infected lost their job or buis. &amp; now un-emp benefits? #ridenwithbiden #votebluetoendthisnightmare HTTP",1,biden
366,"donâ€™t forget. @USER has helped those in need by extending unemployment benefits, not democrats. remember that when you go to the polls in november. the democrats would rather play corrupt political games than support much need relief for the american people! #trump2020",0,biden
600,"breaking news: trump has named proxies to debate skeepy joe 

#maga #sleepyjoe HTTP",0,biden
211,@USER @USER they were either robbed or brainwashed. #trump2020 #maga,0,biden
46,"kneeling for the flag is against our military.

calling our fallen soldiers, pow, and soldiers losers and suckers is perfectly ok

trump logic! #maga dont deserve this country. #maga2020 voters should be deported the day of bidens inauguration for their hatred of america.",1,biden
329,"iâ€™m as surprised as everyone else, but #joebiden is actually killing this debate",1,biden
22,"@USER i fear youâ€™re right. i pray @USER â€˜s 2nd term will put more focus prosecuting the swamp. he definitely exposed it. think what we know now versus election dayâ€™16...
#maga #trump2020",0,biden
661,ğŸ™ŒğŸ‰ biden picks california senator kamala harris as his running mate | #votethemout #voteblue #saveamerica #traitortrump #treasonoustrump #putinspuppet #trumputin  HTTP,1,biden
684,@USER you gotta love hypocrites!!!! #trump2020 #maga2020 #democratsaredestroyingamerica #byerosie HTTP,0,biden
825,"@USER @USER @USER @USER they have enough info to convince republicans, they just donâ€™t care

#votebluetosaveamerica 
#protectourdemocracy",1,biden
140,@USER yea what really scares me is trump is likely to have a election day lead from election day vote and trump will be insane and claim victory mail in votes 5 to 1 for biden.,1,biden
222,"everything, the democrats do , is either fake and / or political nonsense 

i am not surprised at all

#trump2020 #maga #kag
@USER @USER
@USER @USER
@USER @USER @USER 
@USER @USER

HTTP",0,biden
272,"you are jealous of jeff bezo because he is richer than you.  you aligned yourself with mbs to hack his phone, it will be revealed eventually.  you are a clear &amp; present danger to our national security.  #votebluenomatterwho #votebluetosaveamerica @USER @USER HTTP",1,biden
280,#joebiden will be president with our help: official campaign website | volunteer â¦@USERâ© sign up today  HTTP,1,biden
710,"we need immediate results.
but biden thinks we should allow businesses to sit around figuring out whatâ€™s the most profitable way for them to produce and distribute tests and vaccines. is that the best way to take care of people?
no.
#democraticdebate
#demdebate
#coronapocolypse",0,biden
325,@USER i am sending joe biden all the positive vibes i can. i am anxious.,1,biden
273,"that 1977 @USER is one loving #blm supporter alright. and @USER isnâ€™t responsible for her grandparents owning slaves; then no one else is either, right? well thatâ€™s how equality works... ğŸ¤·ğŸ¼â€â™‚ï¸ #trump2020 HTTP",0,biden
33,"this is the america the #democrats desire. disgusting.
#walkawayfromdemocrats #maga2020 #maga
HTTP",0,biden
283,"five hundred religious leaders â€• christians, muslims, jews, hindus, sikhs and others â€• have jointly endorsed the democratic presidential ticket of @USER biden and sen. @USER  

#bidenharris2020
#bidenharrislandslide2020
#biden2020
HTTP",1,biden
332,@USER â€œthe worldâ€™s most dangerous manâ€ . mary trump. she nailed it . â€œenough is never enoughâ€ #dumptrump #trumpisadictator #biden2020 #maga has been fooled,1,biden
38,"these #joebiden ads are ridiculous.  stop trying to make him out like a saint.  here's all you really need to day about him:  ""he's not trump.""

that's basically how i feel about them.  biden sucks.  trump sucks worse.  end of story.",0,biden
721,"vote early. return in person.
#votebluetosaveamerica HTTP",1,biden
756,"#voteblue2020     #getregisteredtoday

these gop senators are in deep trouble HTTP",1,biden
274,"@USER fuck.....run!! and

#votebluenomatterwho",1,biden
376,character. compassion. science. decency. all on the ballot. no rhetoric. #dnc2020 #bidenharris2020,1,biden
738,"much better to spend our time on creativity &amp; vote in october (make sure it gets there on time) #amwriting #writingcommunity #voteblue2020 

opinion | donâ€™t want to watch the rnc? youâ€™re in good company. HTTP",1,biden
553,@USER must be another dementia moment. what he ment to say was when @USER whoops his ass in november. heâ€™s going to keep making america great. #trump2020 #maga,0,biden
62,"even if you don't like #joebiden, vote for him anyway.
if he dies in office...
#presidentharris",1,biden
76,"hillary is every bit the white supremacist republican
joe biden is. joe clearly not being as competent a candidate  is re-enraging shitlibs vs the left.",0,biden
233,"@USER admitting you've been deceived is the first step.
now denounce the false profit you've been allowing and assisting in killing americans. 

#voteblue",1,biden
29,"@USER mwâ€™s brainâ€™s obviously squirming feverishly. 
she/he is clearly nuts!
all mentioned reasons were a projection of the dems own collective hive-mind psyche. do they have a mental as well as a spiritual disorder? do they like &amp;honour usa, the constitution &amp; citizens?
#trump2020 ğŸ‡ºğŸ‡¸ğŸ‡¦ğŸ‡º",0,biden
58,"@USER @USER 160,000+ americans have died from the #trumpvirus2020, get the hell off twitter and do your damn job!!! #votebluetosaveamerica #biden2020 #bidenharris2020",1,biden
358,"@USER thanks! except for cheating with #ballotharvesting(break through the cheats,tulsi!)we can win #newhampshire. 
they won't easily fall for the utter bs #biden's handlers are campaigning on through the atlantic and nyt while #joebiden naps. 
so we have a chance getting truth to #nh.",0,biden
468,iâ€™m with james corden on this. response to @USER speech     @USER @USER #ridinwithbiden #fucktrump HTTP,1,biden
656,@USER @USER democrats just want defund the police and to leave the cities under control of vandals and criminals. #blm #trump #trump2020 #maga #kag2020 #fourmoreyears #maga2020,0,biden
153,"@USER their plan doesnâ€™t even include biden. he is their trojan horse, and theyâ€™re not even trying to hide it anymore!",0,biden
73,@USER welcome to the family!  wise choice!  #trump2020 let us save our country from the self-destructive &amp; ever angry hateful empty democrats. HTTP,0,biden
533,@USER + 4 more years  #maga respect my president HTTP,0,biden
432,"@USER @USER lol quit projecting the democratic sounding points, wake up and think for yourself. you just stated everything the democrats are doing right now; how can you get it so wrong? wow! #trump2020",0,biden
94,making liberals cry again t-shirt #republicanlegion #trumpswag #trump #trump2020 #gop #trumptrain #maga #makeamericagreatagain #gop #kag2020 #republican #conservativees #americafirst HTTP,0,biden
296,excited about â¦turning the page from â¦â¦@USERâ©?! #votebluetosaveamerica #votebidenharris2020 #bidenharris2020 #census2020 responding online | 2020 census HTTP,1,biden
874,@USER exactly @USER !!! we all must vote in person for .@USER @USER @USER #trump2020 #maga @USER #kag #trump,0,biden
507,"@USER biden let america know what a chump he was. americans don't want a coward running the show. biden bowed to trump, biden will bow to the entire world. we will be walked all over",0,biden
199,good morning fellow patriots! things are getting crazy- stay strong! it will get better! #maga #trump2020,0,biden
185,"@USER stop burning building, beating up and sometime murderer people,  how about getting a job. #trump2020",0,biden
868,@USER @USER can not blame trump for the deaths. he took advice from doctors. do not forget he closed the us to  china from coming in jan 31. biden said it was xenophobic (that is on the record). pelosi went to chinatown and said trump was racist. deblasio also said he was racist. just own it,0,biden
159,"@USER trump is not fit to lead, and last night put the nail into the coffin of his failed presidency",1,biden
321,@USER blah blah blah what is your plan?  #;hellnodementiajoe  #trump2020,0,biden
846,"@USER @USER @USER @USER @USER #deplorables as @USER correctly told america

wakeup #voteredtosaveamerica2020&amp; #movehimout #trumpisbroke #trumpisnotabillionaire #trumptaxes #trumpfascist #trumpcoupplot #trumpracist #trumpresignnow #trumpcrimefamilyforprison~nothing #maga about trump=#voteblue2020",1,biden
493,"report: biden set to announce v.p. pick this week.

action: tell @USER america needs that pick to be @USER.  

#warrenforvp #biden2020 

HTTP",1,biden
477,"q100 days. ğŸ‡ºğŸ‡¸ğŸŠ#trump2020 #trump2020landslidevictory  #trumpnowmorethanever2020 

#100daysdemocratswaterloo get this trending!

#trendingtopic 
#trend2020 
#trendnews 
#trendnews HTTP",0,biden
863,"@USER rich rapists want to be sure they can still hide among the #dnc, so they are looking forward to receiving that confirmation. the dnc canâ€™t wait to assure rapists that yes, not only are rapists welcome in the dnc, but rapists will always succeed have the utmost respect in the dnc.",0,biden
147,"hey @USER good try, but talking to @USER just doesnâ€™t go anywhere.  he wonâ€™t ever give a simple answer! he just wants to be trumps mouthpiece and conflate the issues!! 
#votebluetosaveamerica",1,biden
784,"republicans-trump fooled you in 2016. that's on him. but in 2020, it's on you! he's a disdaster. it's time to give trump and the other incompetents the boot. let's improve things. #bidenharris2020 #vote #trumpvirus #trump2020landslide #donaldtrump #gopconvention #americafirst HTTP",1,biden
411,"@USER  just checking to see when those ""caravans of thugs and isis"" from the 2018 midterm elections are coming 2 destroy our country???

it was propaganda right?

so is your attacks on biden.

#fearmongering 
#trumpisnotwell  
#votebluetosaveamerica 
#bidenharris2020",1,biden
559,"@USER @USER he just met with whitmer who, delivered the dnc response to sotu, is very popular in michigan,  very articulate and ready day 1 for presidency if needed. thinking she may be the sleeper pick and would be a popular one with many for #biden2020",1,biden
231,"@USER #america #americafirst #djt #draintheswamp #4moreyears #fourmoreyears #gop #kag #kag2020 #maga #maga2020 #potus45 #potus @USER #trump #trumptrain #trump2020 ğŸ‡ºğŸ‡¸#usa #votered

this is #presidenttrump working while dems &amp; #fakenews sleep, only to later wake up &amp; falsely accuse him. HTTP",0,biden
688,"@USER @USER @USER @USER @USER @USER wrong. trump stood up there, just like in the past, &amp; claimed ignorance in knowing who any of t/various racist groups, like the proud boys (i could care less that some faction has a latino leader, so stfu), are...t/dog whistle of, 'stand by' was as clear as day...#trumpisaracist",1,biden
551,@USER @USER these are the most immature idiot protestors iâ€™ve ever witnessed. they are unbelievably annoying. i hope they keep it up because every time i see this i know they are creating more votes for trump. #maga #trump2020,0,biden
449,@USER @USER @USER @USER @USER @USER @USER @USER @USER @USER @USER @USER @USER good morning!  happy friday! following all and rtâ€™d âœ”ï¸ğŸ’™â˜®ï¸. #votebluetosaveamerica,1,biden
843,@USER @USER @USER @USER @USER same people who rail against @USER at a podium without a mask. hypocrites!! #trump2020,0,biden
286,@USER it will all be staged for biden.,0,biden
614,"@USER we can't afford the @USER anymore.

the cost?

150,000 dead.

a wrecked economy.

and so much more...

#bluewave 
#bluewave2020 
#votebluetosaveamerica2020 
#votebluenomatterwho 
#votebluetoendthisnightmare",1,biden
108,"@USER @USER welcome to #joebidenâ€™s version of america - coming to a neighborhood near you. 

#2020worstyear 
#2020election 

 HTTP",0,biden
260,"@USER 83 days

#wewillvote #votebluetoendthisnightmare #voteblue2020 #votebluetosaveamerica2020  #bidenharris2020 #bidenharris2020landslide HTTP",1,biden
41,"@USER thank you president trump! last night was amazing! you know what, nancy is livid, she just might have a stroke ğŸ¥±ğŸ˜‰#nevadafortrump #trump2020",0,biden
768,"@USER if, only he would have fallen, that would have epic!#endthenightmare #biden2020 #bidenharris2020 #bluewave2020 #evicttrump #theresistance",1,biden
628,@USER but you are going to cut payroll tax and biden had done a reversal over the years. it's about today not yesterday. stock market don't create jobs the stock market don't put food on the table. #votebluetosaveamerica #votebymail2020 #imwithjoe,1,biden
593,@USER and once again #america is #rejecting you. just go back to #russia or #venezuela they need your leadership. #trump2020,0,biden
565,maxwell HTTP,1,biden
445,@USER never will we forget that's why we won't give biden an inch when he is president.,0,biden
218,"@USER i've never been more motivated to vote in my life.  i'm also so appalled, though not surprised, at trump's behavior.  the man has no dignity, and you're totally right - look at what he says.  it tells you all you need to know about him and where his priorities lie.",1,biden
353,"never has a nation taxed itself into prosperity, yet here we are watching the #democraticdebates watching a half dozen morons try to outdo each other on their tax and spend policies... oh wait... no oneâ€™s watching.  #maga2020 #kag2020 @USER @USER @USER",0,biden
869,"with the selection of @USER, @USER continues to surround himself with powerful women @USER @USER @USER @USER @USER. excited for the policy possibilities this leadership opens up, from #paidleave to #brainhealthequity. #bidenvp #biden2020 HTTP",1,biden
679,great speech! i am pumped! #voteblue2020,1,biden
378,"being counted in this very important election. and what could i do to help people in states that may face some voting issues?
#vote2020 #votebidenharristosaveamerica #voteblue #votebidenharris2020 #votehimout2020 #votingrights #votingrightsact",1,biden
128,"#voterepublicansout2020
#votebluetosaveamerica 
@USER @USER 
republicans, you're done! HTTP",1,biden
288,"""i paid millions of dollars in taxes,"" president trump says. #presidentialdebate2020 #debates2020 #usa #maga2020 #kag #election2020 #debatenight #economy",0,biden
316,biden's already slipping!,0,biden
177,@USER no thanks!  i will vote for donald j. trump!!!  #youaintblack #trump2020,0,biden
723,"@USER have the debates on a stage, on top of a ramp, and make sure they each drink a glass of water first. person man woman vote #biden2020",1,biden
421,"@USER republicans have supported the trump admin. the trump admin withheld information that could've saved 10x1000s lives. almost 200,000 souls lost. republicans give corps billions &amp; try to shelter corps from lawsuits. republicans are not on the side of good. #voteblue",1,biden
81,"@USER maybe if you dems hadnâ€™t wasted so much $ in the 1st bill  like for the arts - what did that have 2do w a pandemic-employees were laid off wo a dime, maybe thereâ€™d b$ for the kids you are now so concerned about. @USER ğŸ‡ºğŸ‡¸ğŸ‡ºğŸ‡¸ğŸ‡ºğŸ‡¸ğŸ‡ºğŸ‡¸ #trump2020",0,biden
348,"@USER you have 1 follower, follow no one and have no pic.... your opinion matters why?
#trump2020 
#wwg1wga",0,biden
729,"@USER biden was so brilliant, trump conceded on live tv",1,biden
834,@USER @USER @USER @USER @USER @USER @USER is this a mel brooks movie promo? say it with me slowly to understand how ridiculous sp...ace..ca....mo .. is that an oxymoron like this choice is amazingly awful to fight the dark light? wtf just keep making us laughing stock of world..#votebluetosaveamerica,1,biden
595,"@USER @USER no way! i have it

biden 64

trump 24

joe the mechanic 32
(joe does his own numbers)",1,biden
536,@USER @USER @USER i'm not rich and i love him too. #trump2020 #maga,0,biden
652,@USER @USER do you think he wears silk underpants?  #votebluenomatterwho,1,biden
700,@USER love you mr. president! keep doing the great work that you are doing! #trump2020,0,biden
549,@USER @USER @USER @USER @USER @USER @USER @USER @USER @USER @USER @USER thank you ben! letâ€™s see the #bluewave!!!,1,biden
13,.@USER created this disastrous catastrophe; we all need to #voteblue to save lives ... u.s. reports highest number of covid-19 deaths in one day since mid-may HTTP,1,biden
854,"@USER joe biden is a scared little baby.  what a #chicken

what happens when he needs to have a conversation w/ a world leader?  will he run an cry?

what a loser.  democrats are losers for picking him.

#biden2020 #biden2020tosaveamerica",0,biden
812,"me running outside the day after #november3rd when we can put this experiment behind us. 

#votebluetosaveamerica HTTP",1,biden
568,"@USER get lost.  
trump is a criminal &amp; a traitor.  

when biden has killed over 200k because he failed to lead, or when he has sold out his country to putin, lied &amp; cheated his way into the wh, destroyed america's standing, bribed dictators, lined his own pockets... then you can talk. HTTP",1,biden
767,@USER you have no idea what youâ€™re talking about when it comes to politics!!! #trump2020,0,biden
246,"@USER @USER trump stood there laughing
i felt the pen in my hand
trump laughed no more......vote him out.....",1,biden
210,"@USER but #georgesoros funded #blmdomesticterrorists who actually donate to @USER and his campaign is ok? burning buildings, shooting innocents, bashing people and demolishing entire cities is ok? #thesilentmajority sees your bs and is voting #trump2020 HTTP",0,biden
435,@USER i canâ€™t wait to see that! #trump2020,0,biden
691,this reminds me so hard why i loved biden as vp.  #demconvention,1,biden
495,"me thinks she's lowballing at 37... ğŸ˜®

#wwg1wga #trump2020 #phonykamalaharris #sleepyjoe #sayhisname HTTP",0,biden
519,"love senator john kennedy!!

even google can't find #joebiden some daysğŸ¤£ğŸ‘!

#tucker",0,biden
458,"@USER does this mean hunter and your brother and all biden family ties to global corruption and tax evasion, laundering and sex trafficking will be sorted out?",0,biden
287,"i can't wait for the first #debate, when @USER (who the @USER has labled ""sleepy joe"" or ""dementia joe"") fkn destroys the self proclaimed ""stable genius"" @USER.

their name calling is gonna backfire #ropeadope 

#biden2020",1,biden
283,@USER vote red people.. #trump2020,0,biden
44,"@USER @USER why are you watching tv? 

shouldn't you be working on combating the #trumpvirus and russian aggression?

#trumpviruscatastrophe 
#traitortrump 
#putinsgop 

#dumptrump 
#ditchmitch 

#votebluetosaveamerica",1,biden
115,"@USER @USER and #joebiden would reach 
down to the bully he just decked to offer a hand up and offer to shake as a gesture of peace. reset. new start.",1,biden
844,"love is more powerful than hate, hope is more powerful than fear and light is more powerful than dark-joe biden. #demconvention",1,biden
471,"@USER hay, dummy... no matter who dies in any state, that is on you. this is your country, remember? you are responsible for the good and the bad. new yorks deaths are your deaths, along with the other 160,000+ on top of that. @USER is a far better leader.
#votebluetosaveamerica",1,biden
14,"joe biden is a massive racist . california was once red . think about before . our new generation needs to look back . i have a mind that goes back 100 years because of what my family and our books have taught me . what is a super predator , joe ??? ğŸ¤¨ #debates",0,biden
562,"@USER @USER @USER @USER @USER @USER @USER @USER @USER @USER @USER i like trump because i donÂ´t like wars. du you loke a president who starts wars?
#debates2020",0,biden
278,2/ that their slaves will #wakeup revolt&amp; #walkawayfromdemocrats #walkawayfromdemocratsforever #walkaway #walktofreedomwithrepublicans #walktofreedomwithgop #votetrump #voteteaparty  #voteteaparty #kag #maga #ccot #vets #military #parents #women #dads #moms #soccermom #geny #genz,0,biden
150,bloomberg is speaking the truth - i would never re-hire someone with donaldâ€™s record over the past four years. america shouldnâ€™t either. #demconvention #dncconvention2020 #bloomberg #votebidenharris2020,1,biden
77,apparently you didnâ€™t listen to his speech.  he did not downplay anything.  it was perfect!  i would have loved to see biden speak live for just 15 minutes!  #impossible â¦@USERâ© #trump2020 ğŸ‡ºğŸ‡¸ HTTP,0,biden
95,"@USER they are trying everything and then some. we cannot be worn down. we will all vote!

#votebluetosaveamerica 
#votebluenomatterwho",1,biden
457,thereâ€™s a reason i didnâ€™t watch the debate last night and itâ€™s because i didnâ€™t want to watch two senile shitbags argue over my future. that being said i will reluctantly and unfortunately be voting for biden #debates2020 HTTP,1,biden
305,@USER iâ€™ve talked with many people today who say theyâ€™re too anxious to watch. we all are sure it will go well. but ugh i canâ€™t stand to see 45â€™s shenanigans. biden iâ€™m sure will be great. our bell wether county is showing far fewer trump signs than in â€˜16. HTTP,1,biden
676,"@USER you are a tool in the truest sense.

#trump2020 #kag",0,biden
193,"anybody else getting impatient? it's time to make a decision
@USER #joebiden #kamalaharris #democraticparty #democrat",1,biden
694,"@USER i think it was a wash. trump was not allowed to finish answering questions or respond to biden's falsehoods while biden was allowed to prate on with falsehoods, lies, deflection and avoidance. wallace blew it. #presidentialdebate #debate2020 #debate #trump2020  #maga",0,biden
79,"@USER well, i guess then we won't have to worry about his ""re-election"" wants/hopes &amp; desires after we re-elect him in november.

it'll just be full steam ahead agenda to move this country forward...

#trump2020 
#pence2024 
#trump2028 
#trump2032 

your world will be a nightmare...",0,biden
56,"campaign trump is the best trump.

#trump2020 #trump2020landslide",0,biden
186,"biden won't fall for the flattery of dictators..... #colinpowell

#dnc2020 #demconvention #bidenharris2020",1,biden
171,@USER glad he has nothing more pressing to attend to  ... we need a chief executive and team who will work hard on behalf of the american people - not one who tweets and tvs all day. so #wewillvote and we will #voteblue from the top to the bottom of the ballot! #bidenharris2020,1,biden
636,@USER @USER how are you researching votes that haven't been cast yet? #fuckcreepyjoe #trump2020,0,biden
513,had to turn down a new apartment since they placed a biden/harris sign out front.  sucks.,0,biden
810,@USER here comes the hate rd! thank you for your support of @USER! #trump2020,0,biden
23,honestly can @USER be president tonight? #bidenharris2020 #demconvention,1,biden
480,"the #left wants: get rid of the nuclear family and adhere to rigid state controls on every aspect of life

#trump2020",0,biden
442,biden harris 2020 election restore the soul of america usa t-shirt biden harr... HTTP,1,biden
333,let antifa and blm abolish the police and government. thatâ€™s the only two things standing in the way of good america loving patriots from shooting these sorry excuses of flesh. #trump2020,0,biden
669,@USER @USER this is happening #intrumpsamerica #votebluetosaveamerica,1,biden
708,"white silence is violence, potatoes are tomatoes, and other stuff i learned at college for $250k

#trump2020 #sleepyjoe 

HTTP",0,biden
109,"i miss having a president that speaks eloquently. that has empathy and hope for a better tomorrow. fortunately, we will soon  have that again with #bidenharris2020. 

#demconvention",1,biden
45,"@USER one simple slogan, ""keep america great""!  #trump2020",0,biden
532,@USER @USER you missed lgbqt                                       â¤ï¸ğŸ§¡ğŸ’›ğŸ’šğŸ’™ğŸ’œğŸ¤ğŸ–¤ğŸ¤.                   #veteransagainsttrump #werespectourvets #votebluetosaveamerica ğŸ‡ºğŸ‡¸,1,biden
358,"@USER @USER democrat leaders are traitors!!!
#voteoutthetreasonousdemocrats 
#trump2020",0,biden
137,@USER according to #dementiajoe one third of americans already died from the #coronavirus ğŸ˜‚ğŸ˜‚ğŸ˜‚ fools like you creeoy joe should stay indoors because youâ€™re making a fool of yourself. vote #trump2020 #kag2020 @USER HTTP,0,biden
52,"@USER @USER @USER @USER @USER @USER @USER @USER @USER @USER @USER @USER @USER @USER @USER @USER @USER @USER @USER ğŸ‡ºğŸ‡¸ thank you for the mention, stephen!

#trump2020!",0,biden
136,"@USER @USER republicans offered a 1 week extention, a political plan with the sole intent to have dems reject and appear uncooperative. fat ass @USER â€˜s cheap tactics will backfire and republicans @USER in dc will be leaving washington with him. #biden2020 #executiveorder",1,biden
93,@USER a former president who wasnâ€™t impeached and who won the nobel (not â€œnobleâ€) prize. jealous much? #obamawasbetterateverything  #votebluetosaveamerica,1,biden
161,"@USER reason some floridians call him governor deathsantis!
how can @USER even think football when americans r dying, many testing positive &amp; that includes children!
florida's #'s r not going down fast enough 4 this bs!
#votebluetosaveamerica from trump &amp; deathsantis",1,biden
658,mementos of my years of campaigning for the democrats. regret every minute spent. #walkaway #bidenriots #trump2020 HTTP,0,biden
75,@USER @USER . #impeachedtrump @USER seems to make rs believe theyâ€™re immune to any legal/moral retribution. canâ€™t wait 4 trump to be out of office &amp; he gets the punishment he deserves! #votebluetosaveamerica,1,biden
567,@USER @USER all but guarantees trumps re-election with a super majority. #maga,0,biden
118,"@USER @USER trump is good at personal attacks and name-calling already, no prep is needed. trump is a master of lies and good at creating fear. heâ€™ll be rude and disrespectful because he doesnâ€™t have anything valid/worthwhile to say. i just hope biden doesnâ€™t lose his cool.",1,biden
123,"hey biden
i am not afraid of your disease covid

i will feel safer and with more hope with #trump2020

and i know where beloit is and itâ€™s not the n pittsburgh ğŸ˜‚",0,biden
414,"lğŸ‘€k at this:  stunning stat HTTP
ğŸ˜·ğŸŒŠ#fridayvibes #fridaythoughts #fridaymotivation #fridayfeeling #resistance #resisters #biden2020 #strongertogether #prideğŸ³ï¸â€ğŸŒˆ #follow",1,biden
625,@USER i feel the same! i want to hear biden. but i loathe the sound of trumps voice.,1,biden
152,@USER good try sleepy joe.. itâ€™s the radical leftist which is your party! #trumppence2020 #democratsareevil #democratsaredestroyingamerica #redwave2020 #trumplovesamerica #democratshateamerica #trump2020 â™¥ï¸ğŸ¤ğŸ’™,0,biden
265,@USER @USER @USER lolâ€”perfect gif!ğŸ˜„ğŸ‘ president trump is going to have so much funâ€”while biden is shaking in his boots. definitely a night for popcorn!ğŸ¿,0,biden
79,@USER @USER that would be nice!  #votebluetosaveamerica,1,biden
807,@USER thatâ€™s my president!! way better than this awful poor excuse of a man. !! make america great again !! again!! #trump2020 HTTP,0,biden
125,#democrats are realizes how serious middle-america is about #fourmoreyears| #trump2020.,0,biden
253,"this speech by #joebiden is all that i wanted. plans, what they are, how they will make them happen. this isnâ€™t the speech of a dreamer, but a call to action and a promise.",1,biden
234,"richard grenell rnc speech savages russiagate, globalism and democrats: &amp;#8216;the boss is the american people&amp;#8217; HTTP",0,biden
813,"if biden-harris doesn't put andrew yang on transition team and then cabinet (labor), they are wasting a major thinker. #transitionteam #biden2020 #andrewyang HTTP",1,biden
169,@USER @USER meadow pollack is the future.. please keep her alive in this communist world .. love from canada.. #maga #trump2020tosaveamerica,0,biden
761,"@USER @USER @USER yes, it real easy based on the democrat platform of nonsense and move towards socialism at best, more likely communism. but i still donâ€™t like the debate style last night from trump. he losses on demeanor and wins on policy. he should let biden talk - it actually helps trump.",0,biden
731,"donald trump is a fucking demon and the antichrist.

#votetrumpout2020 #votebluetoendthisnightmare #votebluetosaveamerica #votebluenomatterwho #votebiden2020 #votebiden #onetermtrump #nevertrump #fdt #savethepostoffice #savedemocracy #savediversity #saveamerica #savethecountry",1,biden
675,â€œthere are a number of women who are qualified to be president tomorrow.â€ joe biden has committed to picking a woman to be his vp. and weâ€™re guessing the woman he ends up choosing is on our veep slate...  #democraticdebate HTTP,1,biden
110,"@USER turnip'll be high as the hindenburg. let him crash and burn. but all biden has to do is look smart and occasionally say ""boo!""",1,biden
247,"@USER @USER #voteblue 
#votebidenharris2020 
- â€œkamala and joeâ€ - 
remember to click â€œthumbs upâ€ on youtube. 

thanks! 

HTTP",1,biden
554,"@USER @USER @USER @USER @USER @USER @USER nothing has been disproven, only delayed!
do you ever ask yourself, why biden/harris are the candidates?
both were polling badly towards the end of 2019.
news broke on hunter and suddenly it's election interference to investigate?
really!?? ğŸ‘‡ğŸ¤”ğŸ‘‡HTTP",0,biden
866,"@USER if trump wins in november, he'll continue to blame barack obama, hillary clinton, nancy pelosi, &amp; chuck schumer for all of the mistakes he &amp; the gop made in his first term.

it will get worse, not better.

#votebiden #votebluetosaveamerica",1,biden
21,"@USER @USER it never fails, they always play the victim and cry. she had the audacity to ask for a female officer. ğŸ¤¡ #trump2020",0,biden
119,"#joebidenkamalaharris2020

#joebiden

#democratcities

protesters show up at la hospital treating ambushed cops, yell 'i hope they f------ die'

HTTP",1,biden
10,"new nickname for biden.  #bidenstein heâ€™s a puzzle of candidates.  plagiarizing trumpâ€™s buy american policy, bernieâ€™s yelling, elizabeth warrenâ€™s lying. more scary than funny #bidenharris2020tosaveamerica #amjoy #2020election @USER @USER @USER #foxnews",0,biden
359,"@USER @USER there is a special place in hell reserved for @USER who racistly &amp; misogynistically don't support blacks, women, &amp; especially black women!
kim klacik: the days of black voters blindly supporting democrats are coming to an end |  HTTP",0,biden
302,"@USER you do know that its the #traitorinchief 
#gopbetrayedamerica  who we must defend against
#votebluetosaveamerica",1,biden
238,"#america: past #brownshirts are now wearing black hoodies and bandannas to fire bomb houses of worship and loot your businesses.  you voted for weak-kneed #democratic leaders so who will protect you when chaos comes to the upper eastside? time for a change!
@USER",0,biden
72,@USER socialism is what the democratic party is trying to bring down on our own country!!! drain that swamp!! #trump2020 #trumpsaveamerica,0,biden
563,"thank you, mr. president, iranians love you, if you continue the project of overthrowing the mullahs, you will become a legend as someone who changed history

#savenavidafkariâ€Œ 
#Ø§Ø¹Ø¯Ø§Ù…_Ù†Ú©Ù†ÛŒØ¯ #Ø¢Ø²Ø§Ø¯Ø´Ø§Ù†_Ú©Ù†ÛŒØ¯
#kingdomwithpahlavi @USER @USER #trump2020 #maga #trump HTTP",0,biden
207,the cabal hates god! we muslims and christians needs to stand together! we believe in god we love peace and freedom! just like the fake news lies about our amazing president @USER  they been lying to you guys about my religion believe me we stand for peace &amp; justice #trump2020,0,biden
123,@USER @USER go to his website or listen to the speech he just made to the auto workers union. his plans will help us all #votebluetosaveamerica,1,biden
196,@USER so donâ€™t care what he thinks. #votebluetosaveamerica,1,biden
787,@USER i believe you!! i can't wait!!! #biden2020,1,biden
82,@USER followed you. please follow me back #resist  #fbr  #voteblue2020  #bidencalm,1,biden
855,"@USER @USER people from new york were crying out for people in other states to listen. nobody wanted to listen to ny libs. 125,000 americsms are now dead. maybe now, us voters have enough proof that we were right about trump, his family, and the complicit @USER? #votebluetosaveamerica",1,biden
11,"@USER i'm sure we'll hear the usual blah blah blah hate trump blah blah blah racist trump blah blah russia blah. 
#trumpnowmorethanever 
#kag #maga",0,biden
420,nightly sappy tears were not exactly something i expected to have for the past 3 nights watching the dnc... but iâ€™m hella inspired and hopeful for our country (i was beginning to forget what thatâ€™s like) #dnc2020 #bidenharris2020 #votebluetosaveamerica,1,biden
59,"@USER you made a joke of the office of the presidency. this wasn't a debate, you made it a circus. the only ones left are the still drunk on the koolaid cult 45....and even some of them are turning. have some dignity and resign! 
#bidenwonthedebate
#debate2020 
#trumpfailed",1,biden
129,"@USER @USER thatâ€™s fine, because this will have your dad win in a landslide in november. #trump2020",0,biden
724,yeah trumps going to win because biden sucks. he didnt even answer the covid question he just attacked trump. #debates2020,0,biden
391,"watch ""greg kelly reports - media never give trump credit for anything (8-10-20)"" on youtube - HTTP
#trump2020",0,biden
491,@USER just another company chased out by #democrat run state. #culp2020 to save wa. #redwave,0,biden
171,"@USER he could hold a gun to my head and say he would pull the trigger if i didn't vote for trump and i would just look at him and say, ""#biden2020 """,1,biden
503,@USER i like joe but kamala would have torn trump apart.  says a lot about our world that sheâ€™s not the one up there debating him.  still i hope for the sake of america that biden wins.,1,biden
365,"#hahahahaha 
""singer kacey musgraves says a vote for president trump in november is 'an act of violence'"" HTTP",0,biden
143,"the nation watched last night as joe biden managed for the most part to not fall asleep, completely lose his train of thought or declare that millions of americans have died from coronavirus. HTTP",0,biden
260,"@USER @USER naw, your nazi right wing mob is who we need to eradicate. you support putin's orange agent in the oval office. i see this as a seditious act.

#seeyouinnovember 
#expectus
#votebluetosaveamerica",1,biden
139,"#maga i am keeping track of @USER 
following count she was at 45 now 47 after i tweeted. every follow you give her i will donate into trumps campaign 1 follow = 1 dollar. i owe 2$ so far into trumps campaign.",0,biden
386,"@USER @USER @USER @USER omg.
that's definitely for iv.
@USER @USER @USER @USER @USER @USER 
#biden #joebiden",1,biden
450,@USER @USER people who support trump age terribly,1,biden
48,"""the future of our democracy is at stake. the future of our economy is at stake. the future of our planet is at stake.""
#berniesanders  #bidenharris2020  #dnc  #election2020
HTTP",1,biden
118,"#icymiğŸ‘‡ğŸ¿
watch what happened at 0:17 in @USER's broadcast: cambridge analytica â€œ black deterrence voter suppressionâ€ #kamalaharris #joebiden

HTTP",1,biden
466,"biden quips to fox news he decided on vp, campaign says it's a joke.

#joebiden in reality has no idea if his handlers have chosen his vp running mate yet. this is embarrassing. democrats are deranged.

HTTP",0,biden
65,@USER free the caged children who were snatched from women who are you dedicate this day too! you will be forever known as the party that stole children away from their mothers! #votebluetosaveamerica,1,biden
273,"all i heard from trump was me me me me blah blah blah. i saved football!  joe on the other hand showed his concern for americans. joe was genuine, trump was all about trump and how he thinks heâ€™s been so good. he doesnâ€™t even have a plan for the next 4 years.  #debatenight",1,biden
122,@USER why don't you declare your broken unemployment system a public health crisis??? 5 dam months i've been waiting for my money! i bet you or any members of your staff &amp; family has not missed a single paycheck during this pandemic!!! #removewhitmer #whitmersucks #teamtrump #wwg1wga,0,biden
545,"@USER it's time to come to the realization that trump's only interest is his re-election &amp; that trump couldn't care less about anything or anyone else. ""trump will say &amp; do anything"" he thinks will secure his re-election, even endangering other people's lives.
HTTP",1,biden
347,"@USER @USER @USER @USER he should be in jail not in the white house. #pedojoe #joebiden
HTTP",0,biden
26,"@USER congratulations.

now tell us again how trump learned his lesson from ukraine so u didn't need to impeach him, or how kavanaugh will protect a woman's right to choose.

#voteblue",1,biden
726,"@USER he's still your president 
#trump2020",0,biden
18,"loved seeing openly lgbtq elected officials @USER, @USER, and @USER assist in delivering the 2020 democratic convention keynote ğŸ‡ºğŸ‡¸ ğŸ³ï¸â€ğŸŒˆ #demconvention #keynote #bidenharris2020",1,biden
381,@USER @USER @USER @USER are incompetent to solve our nations problem and or just donâ€™t give a damn about working class. no solutions or policies- deny distract deflect or  stoke division &amp; fear. #voteforbidenharris #voteoutcorruptgop #votebluetosaveamerica vote early!,1,biden
337,@USER keep up the great work! #votebluetosaveamerica #bidenharris2020 #flipthesenateblue #bluetsunami2020 HTTP,1,biden
482,"the slight smug smile on biden's face whenever trump talks is giving me so much life. there are things i don't like about biden, but he is not going to take any shit from trump and i love it love it love it. #debates2020",1,biden
43,america's ceos say trump failed on coronavirus -- and they're backing biden HTTP,1,biden
64,"@USER remember back when you said â€˜listen to the expertsâ€™ ?

no?
yeah, figures now that it doesnâ€™t fit the new democrat agenda i guess ğŸ¤·ğŸ»â€â™‚ï¸

#usps #fauci #vote2020 #trump2020 HTTP",0,biden
262,@USER don't take our governor â¤ï¸ but joe could have a pet rock as his vp and he'd still get my vote. #votebluetosaveamerica,1,biden
440,"@USER @USER @USER ^^^ proof that trump derangement syndrome is real. #tds #orangemanbad #democratshateamerica don't trust democrats. those #metoo hucksters, #blackface hypocrites, and everything' is racist clowns.

democrat ideology is a distraction &amp; self-destructive. #blexit paw patrol #kag HTTP",0,biden
749,"@USER yeah it's wishful thinking.

but it's astounding repubs have allowed the very core of their party to be defiled like this.

you'd think some of them would speak out.
#votebluetosaveamerica HTTP",1,biden
328,"it's time to band together to show our strength #resisters. 

#followbackparty.
follow all who:
like â¤ï¸
retweet ğŸ”
comment ğŸ’¬

vet as you go. have fun.

#resist #fbrparty #usps #wearamask #vote #bidenharris #dumptrump #bluewave2020",1,biden
330,"""because i am a democrat with a capital d"" - joe biden 2020 #democraticdebate #joebiden #capitald",1,biden
798,"@USER i love this! love seeing the actual states as they cast their votes.
 and, yes, i'm, undoubtedly going to get a little emotional when delaware comes back to put #joebiden over the top.",1,biden
754,"@USER @USER the sc is there to protect and serve americans, not just conservatives. #timetogo #voteblue #votebluenomatterwho #votebluetoendthisnightmare",1,biden
221,"@USER @USER iâ€™m voting #biden2020 no matter what. but, if i may, perhaps mr. oâ€™donnell could rehearse with mr. biden a bit before the debates and script a few witty comebacks. as the author of â€œthe debateâ€ on #thewestwing no one is more qualified. #letbidenbebiden",1,biden
750,"@USER @USER yes
yes 
yes 
he is my presidentğŸ‡ºğŸ‡¸ğŸ’ğŸ‡ºğŸ‡¸ğŸ’ğŸ‡ºğŸ‡¸
#trump2020 
#iranianslovetrump
#iranianfortrump 
#makeamericagreatagain HTTP",0,biden
57,#joenbiden needed adderall to stay coherent #debate2020 #drugedupbiden,0,biden
263,"i made sure i rewound and recorded that statement trump said while never ever condemning white supremacy.. â€œproud boys..... stand back and stand byâ€
thanks donald!!! 

smdh!!!!!
if yâ€™all didnâ€™t know,,,,, now you know
#debate2020 #presidentialdebate 
#teambiden",1,biden
351,"#kamalaharris speaks to the very real challenges facing americans, in the mind of maga &amp; #rnc2020 speakers â€” that means #bidenharris2020 â€œhates usaâ€ &amp; are â€œso negative.â€

who really hates america/ns? #trump2020 will never do a damn thing but whine &amp; blame.

#trumpkillsamericans",1,biden
214,@USER has now presided over the preventable deaths of almost 150k americans. his lack of a national plan and the time he wasted has resulted in this chaos. he must go. #biden2020,1,biden
610,"oh god

don't tell

@USER

#trumpisacompletefailure
#trumpisalaughingstock
#trumpisatraitor
#votebluetosaveamerica
#resist
#portlandstrong

""trumpâ€™s rnc acceptance speech draws less viewers than biden's address""  HTTP",1,biden
188,"@USER #rnc2020 you guys nailed it! great convention, every. single. day. tonight was the icing on the cake! best president ever! #trump2020landslidevictory",0,biden
355,"we need leaders who cares for all of the american people. weâ€™re not an authoritative country, we donâ€™t have a king ğŸ‘‘, and america has always had a president. if we #votebiden, we will save our country. donâ€™t give away our democracy. #voteblue #votebluetosaveamerica HTTP",1,biden
720,"important information for us voters. how to vote in the #2020election. #votefordemocracy #getoutthevote #vote #howtovote #registertovote now. #bidenharris2020 

HTTP",1,biden
588,"iâ€™m so glad â€œcall the policeâ€ is trending because it truly shows what ğŸ¤¡ğŸ¤¡ğŸ¤¡ you blm/social justice activists are... 

youâ€™ve burned down peoplesâ€™ businesses/livelihoods,looted&amp; killed many people(including black americans-david dorn, italia kelly, dave underwood,etc)
#trump2020",0,biden
40,"this tv game-show host experiment was a failure 
#joebiden #debates2020",1,biden
43,it's been a super chill year. #votebluetosaveamerica #biden2020 HTTP,1,biden
6,@USER nancy pelosi and the others democrat leaders just think that american people is stupid. this is rude and too un respectful againts people. you are a lier @USER #trump #trump2020 #maga #kag2020 #fourmoreyears,0,biden
623,"just think if some of these people spent as much time working jobs and helping to get america going again as they spend protesting over faux outrage... 

if you can protest, you can vote in person.. 

i said what i said.. 

#trump2020",0,biden
229,"@USER agreed. only difference is trump has been doing things for less than 4 years, but biden's 47 year record is lacking. given he's not president, not for lack of trying, it is on him to answer what he would do differently. he provided 0 plans tonight.",0,biden
439,"@USER young voters. we need the support of young voters to help save the earth.  you heard trump say that he got rid of environmental regulations to make cheaper cars.  biden wants to take action to save the earth. please get involved, this is your planet,",1,biden
871,@USER your still talking about trump? get over it sonnyboy heâ€™s going to win again. #trump2020,0,biden
211,"the #dnc choosing joe biden as a presidential nominee is just as confusing as joe biden choosing a potential vp based on skin color. 

what are the democrats up to?",0,biden
535,i stand with trump #trump2020 HTTP,0,biden
210,@USER stephen king lives in the twilight zone of his demented mind. #liberalismistherealpandemic #trump2020,0,biden
299,can you understand @USER when he speaks? #joebiden #biden2020 #10yearsofonedirection,1,biden
105,"the u.s. government is now deciding what you can put on your iphone. it wonâ€™t stop with #tiktok
#governmentoverreach #votetrumpout #votebluenomatterwho #votebiden #voteblueasifyourlifedependedonit #putinpuppet #bluewave2020
 HTTP",1,biden
346,"@USER @USER i believe it!
#maga",0,biden
637,what kind of government wants to spend 2billion building an unnecessary new #fbi bldg during a pandemic instead of pay #unemployment checks for $600. give up? a government run by #superrich #gop members who want to keep u down. if you like this - support #trump. it will continue.,1,biden
527,"1000 boats showed up for the trump boat parade on lake hamilton in hot springs, arkansas today!  #redstate #maga @USER @USER HTTP",0,biden
184,"trump's showing that he is not fit to be leader of a boy scout troop, let alone president of the united states.
#debates2020 
#presidentialdebate2020 
#presidentialdebate 
#trump2020",1,biden
65,"""trumpâ€™s executive action may be too little, too late, especially if people...do not similarly fight back against this movement"" #fightbackamerica #trumpwarriors #kag wake up &amp; fight!! stop looking to govt to do it for you! 
HTTP",0,biden
540,"@USER @USER racist @USER is the #maga virus that's destroying the country and @USER is the vaccine 

 #votebluetosaveamerica #trumpliesamericansdie 

HTTP",1,biden
187,"and i'll take trump any day, honestly. 

i don't think this moved the needle. i'll say this. anyone thinking about joe biden wasn't inspired to vote for him after this. though some may have decided against trump. i think a lot more look at biden and don't see him as a replacement",0,biden
703,"@USER i see alot of accused accused accused and not heres some facts facts facts....

#trump2020",0,biden
98,trump a great leader is a good listener #debates2020,0,biden
