text,label
I really don't understand how some people are Pro-Choice. A life is a life no matter if it's 2 weeks old or 20 years old. #SemST,Against
Let's agree that it's not ok to kill a 7lbs baby in the uterus @DWStweets #DNC #Clinton2016 @HillaryforIA #ProCompromise #SemST,Against
"@glennbeck I would like to see poll: How many abortion doctors have told a woman ""No, an abortion is not required in your case. #SemST",Against
"Democrats are always AGAINST ""Personhood"" or what they perceive to be legislation to recognize #Personhood. Always. #Colorado #SemST",Against
"@CultureShifting ""If you don't draw the line where I've arbitrarily drawn it, you can't draw it anywhere."" Nonsense. #SemST",None
"@k_yoder That lady needs help, mental illness is a serious issue. #SemST",None
"RT @createdequalorg: NEW video: ""I'm not seeing it as a human being."" @StandTrue @liveaction_news @collegefix @LifeSite #prolife... #SemST",Against
"RT @createdequalorg: ""We're all human, aren't we? Every human life is worth the same, and worth saving."" -J.K. Rowling #... #SemST",Against
Someone snitched on the mom having sex with and playing naked twister with teens. I bet it was her Cock blocking ass children. #SemST,None
"#SB724 passes Sen. Judiciary Cmte.This bill is an effort to shame women out of their personal, private medical decision to have an #SemST",Favor
RT @GrumpyOldGuy2: #DebbieWashermanSchultz the woman has a voice the doctor has a voice. Who speaks for the baby? I'm just askin. #SemST,Against
"A needed, safe medical procedure is available to women. Unfortunately, RW men say they should make women's decisions. Sad, huh? #SemST",Favor
"RT @ProLifeYouth: ""It seems to me clear as daylight that abortion would be a crime."" -Ghandi  #ProLifeYouth #SemST",Against
@LilaGraceRose defunding PP won't mean fewer abortions. It will mean more dead women. #SemST,Favor
"Govt cannot force you to get chemo but if you're a fetus, you must live! #JulieBorowski #reproductiverights #SemST",Favor
"A person's a person, no matter how small. - Dr. Suess #WAAR #SemST",Against
As long as they are allowed to show medically correct photos of contraception use at the family planning table #StopAbortion #SemST,Against
"Thanks for gently spoken truth,  @DanaPerino ! How DO we as a nation ""protect the innocent""? #TheFive #CCOT #DNC #RNC #SemST",Against
@LuM1996 @KurtSchlichter #Obama cares more about deserters than unborn babies #ProtectTheUnprotected #AntiAbortion #SemST,Against
"Dear Nuns, your advocacy of tax paying is weird. #war #Iraq #deathpenalty #taxespayforthistoo #TaxpayerPride #SemST",None
I've noticed that everybody that is for Abortion has already been born-Ronald Reagan #LetthemLive #AllLivesMatter #SemST,Against
Follow #Patriot --> @Enuffis2Much.  Thanks for following back!!  #Truth #Liberty #Justice #ProIsrael #WakeUpAmerica #FreeAmirNow #SemST,None
".@DRUDGE_REPORT not sure I agree with her decision but, it is her decision.I wonder how many of the critics would support abortion? #SemST",Favor
Patient advocate Stephen Casey of Texas Center for Defense of Life strongly supports #HB3074. #TXlege #SemST,Against
Are the same people who are red faced and frothing over abortion also against the death penalty? Just wondering... #deathpenalty #SemST,Favor
Hey Megan--a baby's heart starts beating at 21 days after conception. No time is the right time to end its life!! #kellyfile #SemST,Against
@AzzarelliJim Not so great for the women you want to force to give birth against their wills. #rapeculture #SemST,Favor
What a great day to argue the benefits of making abortion legal #SemST,Favor
If my body is the only way you can live and I don't want that I have the right to dismiss you. I don't know why that's a problem #SemST,Favor
People who want kids can b prochoice. U don't have to want an abortion to b prochoice. People who had a miscarriage can b prochoice #SemST,Favor
@HillaryClinton Don't you mean to say (all children deserve the same chances) except the UNBORN CHILDREN?     #SemST,Against
You know what's best for you You know what's best for your happiness You know what's best for your well being #SemST,Favor
@RyanDeloosh only if u want me to smash ur head through a solid wall made of steel each time u say it then shore honay #urchoice #SemST,None
Assaulting & manipulating pregnant people doesn't reduce #SemST,Favor
People who have never had an abortion can be prochoice. People with a uterus can be prochoice. People who never want kids can be #SemST,Favor
@jemimakirke my hat is off to you for speaking out about something that is rarely discussed by anyone who has a voice. #SemST,None
"Anti-vaxxers are such an idiotic bunch... Seriously, guys. Vaccinate. Your. Kids. #stopsb277 #conformcomics #marvel #dc #SemST",None
They may need to figure out how to get out of school or work that day. #SemST,None
God forbid you'd ever have to walk a mile in her shoes. Then you really might know what it's like to have to choose. #SemST,Favor
"I know what's best, for my health. You don't know anything about me.  #SemST",Favor
"Some people are not ready for a child or they were even raped, and theres already too many kids who need adopting anyway #SemST",Favor
"RT @pari_passu: Dear Religious Right: I keep my uterus out of your church, so keep your church out my uterus. #SemST",Favor
"@TheFullBug Dehumanizing? Why are you dehumanizing the pregnant person? They're more than walking incubators, and have rights! #SemST",Favor
The Democrats just gave the most chilling reply when asked if they support aborting 7-pound babies #SemST,Against
Up at this ridiculous hour to #protectthezone.  #Alabama #SemST,None
"Tip for protesters everywhere: your goal is to change the minds of rational adults, not to scar the minds of little kids. #PGH #SemST",None
"Good morning Patriots, let us continue to Pray for this great Nation and the #UnBorn on this great day God has given us!! #ccot #SemST",Against
Children are the greatest blessing which God has bestowed on man and woman. -Pope Francis #LifeisaGift #SemST,Against
It is the greatest of all mistakes to do nothing because you can only do little. Do what you can. | #humandignity #SemST,None
Good morning @JustinTrudeau. Do you plan to tell @WadePEILiberal that women on PEI deserve the right to choose? #cdnpoli #peipoli #SemST,Favor
Excellent 'speed-dating' #ethics discussion today in Yr9 class #morality #SemST,None
UB Students for Life and @createdequalorg are currently on North Campus by the Student Union speaking out against #SemST,Against
@sinnfeinireland  SinnFein voted to kill unborn sick children #SemST,Against
"@JustinTrudeau, how do you plan 2 endorse @PEILiberalParty @WadePEILiberal who'd not b able 2 run 4 fed @liberal_party? #peipoli #SemST",None
They were slaying their own souls when they offered up their sons & when they shed the blood of infants. #Augustine #Psalm106 #SemST,Against
BRAVO TO BOTH OF YOU BEAUTIFULLY EXPLAINED HOLD UP #humantrafficking bill @SenBlumenthal @DickDurbin #womensrights #righttochoose #SemST,Favor
It's a free country. Freedom includes freedom of choice. #SemST,Favor
"Unthinkable, shameful, acceptable, encouraged, desirable  ...the evolution of killing the defenseless.   @msnbc @jemimakirke #SemST",Against
Thank you for another day of life Lord. #Christian #Catholic #TeamJesus #SemST,Against
@AdamMyerson @quarq - Sent mine two days ago.  Expect it back in two days. Quick turnaround and great customer service! #SemST,None
Both Democrats and #IslamicState murder by dismemberment. The only difference is the age of their victims. #ISIS #SemST,Against
@DWStweets @RepDWStweets is a seven pound baby murderer. Too bad her Mom didn't have the same operation. #Baby #Democrats #Losers #SemST,Against
WH: Motherhood's a Wage Penalty. So we pay em to have kids & we pay em to kill premature babies. WTF's point here libs? #PJNET #SemST,Against
"Hillary wants to be a champion for women, unless they're unborn.  #SemST",Against
@BuckSexton of course we want the Feds to puff puff pass! #TeamBuck #warondrugs #SemST,None
like i really need to walk past a bunch of aborted babies to get into the union. get out of my peripheral #SemST,Against
Follow #Patriot --> @MsMistiNichole.  Thanks for following back!!  #Truth #Liberty #Justice #ProIsrael #WakeUpAmerica #FreeAmirNow #SemST,None
I think Marcus is slightly scared of my radical liberal side #feministally #SemST,None
One day I'm gonna set an abortion clinic on fire. Anyone wanna join? #SemST,Against
So ready for my abortion debate  #SemST,None
We have the duty to protect the life of an unborn child. --Ronald Reagan #ccot #gop #SemST,Against
Some Bitches be scared to kill a little cockroach in their house but quick to kill a baby... #SemST,Against
it's ironic that ppl will perform lifesaving therapies on animals to preserve their lives-but have staunch views in favor of #SemST,Against
@tonylee01979 make their own decisions doesn't mean you need to harass me . Goodbye now. #freedom #SemST,None
"Is there a gas that increases self-mutilation (tattoos, piercing, drugging, over-eating, & suicide) & violence? #waleg #SemST",None
"Took God, discipline & tobacco out, made ^airtight & filled homes w/^CO2 cuz of energy & climate lies. Evil & energy use soared. #SemST",None
"deep-seated cultural codes, religious beliefs and structural biases have to be changed No, @HillaryClinton now what? #SemST",None
"PlannedParentHood, their agenda is all about the money. Killing babies is big business & minority genocide is the result. #ccot #SemST",Against
RT @NYS4Life: RT if you're ready to help us defeat #AssistedSuicidelike we defeated #AbortionExpansion! #noPASny #SemST,Against
@Loriisright @DWMcAliley1791 @LitaZahn Yup. One of the MANY reasons I changed parties. #SemST,None
"Oh look!!! So not only are antichoice strongly against pregnant people's human rights, they're also homophobic. Shocker. (Not) #SemST",Favor
"And do not kill ur children for fear of poverty. We provide for them & for u. Indeed, their killing is ever a great sin. #Quran #SemST",Against
Still waiting for Libs to explain how the premeditated murder of a premature baby is reproductive healthcare. #ccot #SemST,Against
@mrsdrjim did you know #wrp @BrianJeanWRP tried to get personhood going via federal #motion312. #SemST,None
How ironic is it that im sitting in @PPact & swiping on @Tinder right now? #SemST,None
"@explicit0ceans But adoption chooses to let them live. Obviously a huge difference. You can see that, right?  #Adoption #SemST",Against
@BruvverEccles @Telegraph @David_Cameron I despair! I want grandchildren or are they a 'luxury item' #Catholic #SemST,Against
"@Snitfit because it's not your baby, body or decision, nor does it effect your life in any way. So it's none of your business. #SemST",Favor
Obamcare loses again in the Supreme Court. Religious freedom win. #scotus #tcot #SemST,None
"The people who never spoke up against the Nazis during World War II were likely ""live and let live "" people. #fb #SemST",None
Pro-choice is pro-murder couched in liberal rhetoric. #SemST,Against
Like ya'll can try and push your views on me anyway but I will remain #SemST,None
"@ProWomanChoice Exactly, no apologies needed to any #fundamentalist of any kind.  Stop apologies for rights. #p2 #SemST",Favor
"#Hillary, Here's one Christian whose religion views will never ""adapt"" to include abortion. Abortion is murder. #SemST",Against
"Every time you respond to something that frustrates you, you let it steal away your time and happiness. #EasyWeightLoss #SemST",None
@NoMoreTeaForMe He said he would do it if he weren't a Christian. So he's also a coward.#RepKevinCalvey #p2 #LibCrib #UniteBlue #SemST,None
"wow all these people r so upset over 1 Black Man killed, what would they do if they knew about BlackKids killed by #BaltimoreRiots #SemST",None
"@ShowTruth No. It's absurd to refer to healthcare that saves pregnant people's lives as ""killing. #SemST",Favor
@GolfProYYC every time @TaylorMadeGolf pops up I think its you posting. #dyslexic #oneinthesame  #SemST,None
"@beckaviau @MikeRedmondNDP duh.... Planned pregnancy around election date, new fad. Get with the times. #SemST",None
Please join us as we pray to end the global holocaust of abortion! #SemST,Against
"@ShowTruth No, I can't explain why you would consider a medical procedure that leaves the patient healthy & happy as killing. #SemST",Favor
@notmuchelse you want the freedom to murder a baby. Rip them limb by limb. No change in subject by me.Libertarian #SemST,Against
@codeinediva Like i said you are weak. We are strong!   #Christian  #WeWillOvercome #SemST,Against
@ProWomanChoice forcing women to change their body's normal function is the epitome of controlling women. #SemST,Against
Like the govt. is literally taking away your right to live your own life by defunding right now #SemST,Favor
Watching teen mom and watching Farrah be a bitch makes me believe in abortion that much more. #SemST,Favor
"I'm killing my baby tonight, I don't care if it's wrong or right! #SemST",Favor
@AMLiveNTV:  its morally wrong. Life is sacred and only the giver and its onlyHim alone that should take it#HaveYourSay is on #SemST,Against
@SteveStfler too many people are taking this to seriously #SemST,None
"She has a brain, a heart, and her own unique DNA, not her mother's. She is alive and human. Please don't kill her. #SemST",Against
Agree choice if woman's life in danger.  But rape - does the baby deserve death for crime of his/her father? @HelpBillColeman #SemST,Against
@LifeNewsHQ What could have happened in her past to make her the cruel & frighteningly hard-hearted woman she is? #waronwomen #SemST,None
Joining us in studio is Amos and Josh on Music and Career with Kobi Kihara #Bands #SemST,None
.@giannaberettamo @GiaMolla @sphcs_news Happy feast of St. Gianna Beretta Molla! May she pray for us! #SemST,Against
What is the difference between a baby and a onion? No one cries when you chop up the baby.   Hahahahaha! Love dead babies! #Babies #SemST,Favor
How can a kingdom founded in violence long control the vice that brought it n2 existence? <-- commentary on Judges9 @BarackObama #SemST,None
Pro-Choice is meaningless. Say what you mean. You stand for the right to choose to kill. #SemST,Against
Kudos to the mentality that believes people who are dumb enough to not use protection are 'mature enough' to take care of a baby. #SemST,Favor
Please pray for mercy for #AndrewChan & #MyuranSukumaran #IStandForMercy #KeepHopeAlive #Bali9 #SemST,None
I just want to sit in a corner and cry.  I wish I was a thicker-skinned feminist but this shit is personal! #MyBodyMyRights #SemST,Favor
@Fredindimuli  yes he has an opinion but the choice should be in the hands of the women You know the person directly affected? #SemST,Favor
Gov Brownback visits cities in #Kansas 2 sign new #bill  #woman #SemST,None
I refuse to stop praying for an end to abortion. #SemST,Against
"@BBCNewshour ""if u had been my wife I would have blow your head off."" Yep, that sound like #ElSalvador #SemST",None
@smalldoctor15: What is postinor popularly used for? #SemST,None
So mint!  Listening to @GlennBeck LIVE & he s talking about #MargaretSanger being total Evil. Even if you're pro-#Abortion! #SemST,Against
"@WayneSense ""In check"" is putting it nicely. #MargaretSanger #SemST",None
"@ProLifeLiberty Yes, your reasoning is horrible. We were talking about abortion, not death. #SemST",Favor
Terrible golf last couple days! Goes down on the notes as one of these  #SemST,None
Idiot: how would you feel if your mom aborted you?  Me: nothing cause I would be fucking dead. #SemST,Against
"@LifeNewsHQ  22wks is too late to be able to have a termination in my opinion, these triplets are babies not a bunch of cells. #SemST",Against
Dude i won a #freeshirt from @abort73 ! I never win anything lol #Abort73 #SemST,None
Praying for that innocent lady. She's a victim too. I hope the execution will not proceed. #NoToDeathPenalty #SaveMaryJaneVeloso #SemST,None
Findin budget compromise a 'process' #Brownback says  #income #thestate #SemST,None
@AnneJp1946 I have no problem with birth control but their you go with that free thing again. So your solution is murder good idea #SemST,Against
"We all are sinners, but what right do humans have to kill another human being? Is that what God wanted us to do? #SCL #thoughts #SemST",Against
@politicspizza @RebeccahLouise @ProLifeYouth women being independent and making their own CHOICES #SemST,Favor
When is abortion a responsible choice? When a woman chooses it to be #SemST,Favor
"@charulife And I explained that they are in the keep your baby business, as they helped me get Medicaid and WIC. #SemST",Against
"Today, AB 775 passed out of Committee on Judiciary 3-7. We will let you know how to help! #SemST",None
"@WildChild69 No, U want 2 limit the doctor's choice & force him/her to help w/ abortions. I want to protect life & human dignity. #SemST",Against
Meme on like it's the last Reddit thread on Earth. #AgeofUltron #lifeadvice #protip #propeller #propane #andpropaneaccessories #SemST,None
"@WildChild69 Now you are not even sense. And, once again, abortion is not healthcare. With every abortion at least one human lies. #SemST",Against
"@WildChild69 Typo - I meant to say ""dies"" - With every abortion @ least one human dies. #SemST",Against
"RT @Singerman2000: Government  has exceeded its necessary size, scope and reach into the lives of its citizens. #Armenia... #SemST",None
@rosaryrevival Prayers & best wishes for St Catherine of Sienna on Wednesday. Will say #Eastertide Glorious Mysteries as usual. #SemST,None
Inching toward diabetes while supporting @ProChoiceMass at #ChocolateMadness 2015. #mapoli #SemST,Favor
RT @alvedaking: The most disturbing thing we to this planet is to flood our streets with the #blood of #children from #HappyEarth... #SemST,Against
RT alvedaking: The most disturbing thing we to this planet is to flood our streets with the #blood of #children from #HappyEarthD... #SemST,Against
RT @PinkGypsySoul: The single most important factor for women's advancement in society is our ability to control our fertility. #SemST,Favor
people in the government care more about words in a bible than women and their bodies #SemST,Favor
"RT @spicysandwich: Say it again for me one time!  Anti-abortion laws only lead to unsafe, illegal abortions! #SemST",Favor
"Preach! 'Black Sheriff Says if  #BlackLivesMatter,  They'd Protest at Abortion Clinics'. #ChooseLIFE #AllLivesMatter #SemST",Against
"@gvandersee 100,000 (estimated) ozzie abortions of vulnerable, unwanted ""unlife""  right there. Value & Respect life. #deathpenalty #SemST",Against
"If you aren't responsible enough to take care of a baby, why are you having unprotected sex? #SemST",Against
@AYoungJFK it was her choice Mark! #profeminist #SemST,Favor
@kugrl6 good riddance to millions of black babies? I really hope I'm misunderstanding you #SemST,Against
RT @gbforchoice: When is abortion a responsible choice? When a woman chooses it to be #SemST,Favor
#BlackLivesMatter unless they are pre born black lives then they don't matter #AbortionIsMurder #LiberalLogic #SemST,Against
Today I am grateful for the #reproductiverights that allow so many families to escape poverty. #abvote #SemST,Favor
I am just as much a feminist as any pro-choicer. I simply carry my beliefs to their logical conclusion. #faminism #YesAllWomen #SemST,Against
@shaniaajaee I still love you no matter who you love  #SemST,None
@emrata did u become a lib before or after u made it in Hollywood? #BlackLivesDontMatter #whitebrunch #SemST,None
" If abortion is not wrong, then nothing is wrong.   Powerful words from Blessed Mother Teresa.    #SemST",Against
@Stuart1927 @GoodCounselNet Thank goodness politicians saw sense and recognised women's rights over their own bodies. #SemST,Favor
RT @RogerIsCatholic: Save the Baby Humans! #WAAR #SemST,Against
RT @DogsOfGod: I will fight for the unborn! #SemST,Against
Women's rights are a joke.  Omg I can't even. Lol go thank your mom for keeping you. #SemST,Against
We are the #prolifegen and we will abolish abortion in our lifetime! #prolifefuture #tcot #SemST,Against
"Abortion does not make you un-pregnant, it makes you the mother of a dead child.isright #SemST",Against
"Abortion has nothing to do with feminism. Its about the BABYS body, not yours.isright #SemST",Against
@peiacsw please consider the status of preborn girls as the most vulnerable women in society. #peivotes #SemST,Against
@abc13houston Don't Let Obama Control Your Actions. Progressives have destroyed the Black Community #LBJ #Clintons #Drugs #SemST,None
Pro-Life Legislative Day Party in Lansing today! See y'all there! #sopumpedgen #SemST,Against
I truly believe that #BlackLivesMatter and that's why I'm against Planned Parenthood. #ycot #SemST,Against
@Hannah_Warren14 that much more oppressive for women #SemST,None
"We can be the generation that ends abortion. I don't care whose toes we step on or who we offend, it's time to put an end to #SemST",Against
RT @FrCharles: .@giannaberettamo @GiaMolla @sphcs_news Happy feast of St. Gianna Beretta Molla! May she pray for us! #SemST,None
"I will believe the narrative that ""black lives matter"" when ALL black lives matter, all the time. #BlackOnBlackViolence #SemST",None
@hillaryclinton - I guess this means you're happy for me to be pro-life as I never aborted any of my own children? #hypocrisy #SemST,Against
People who have been pregnant can be pro choice. People who can't have kids can be pro choice. People who have a uterus can be #SemST,Favor
Lol it's no ones choice but the woman's when it comes to abortion. Men shouldn't even be able to vote on the issue. #SemST,Favor
Listening to @reggielittlejhn speak about her work leading #WomensRights Without Frontiers. So inspiring! @AUL @JeanneaneMaxon #SemST,None
What doesn't reduce abortions: -Making it illegal  What does: -Sex education  -Caring about the pregnant person... #SemST,Favor
They know what's best for their health They know what's best for their happiness They know what's best for their well being.. #SemST,Favor
Changing the cis-nomative atmosphere is difficult.  #SemST,None
I can't stand people who are pro life because they had a stillborn or loss.... #SemST,Favor
"@CrushTheCFR Yes, heard you the first 500 times you tweeted SIX kids. she is probably also #SemST",None
We must provide demonstrated sexual training as a preparation for marriage. From THE COMING WOMAN #sexed #marriage #books #SemST,None
@EmilyBeaulieu1 maybe that's what he wants #SemST,None
She*  knows what's best for her* happiness & her* body #SemST,Favor
@Niall250 good thing is that #DUP have consistently said ALL murder was + is wrong. SF were pro murder...still are. #SemST,Against
words are meant to trigger strong emotional responses as well as to the medical inaccuracies & misogyny.. #SemST,None
You know what's best You know what's best for your well being You know what's best for your life... # #SemST,None
"As good a time as any to say: when too many men are adjudicating on women's reproductive systems, the results are never good #Rape #SemST",Favor
Thank you @PPact for treating me with kindness & respect & TLC during my wellness exam. #womenshealth #yaycondoms #SemST,None
"Your life is worth a lot. Don't believe any ""compassionate"" politicians or doctors or friends who tell you otherwise. You matter. #SemST",Against
Bodily autonomy is a human right. A person's access to abortion is a human right. #reprojustice #reprorights #SemST,Favor
"@charlescwcooke @HillaryClinton Once they're born, that is. #SemST",None
"Also, abortion is wrong biblically and morally. Imagine never getting a chance to live your life. Think about where you are now. #SemST",Against
Re Last: I can't get past this...why must abortion providers dismember a fetus alive?  That just sounds...hideously inhumane. #SemST,Against
Praise to District Court Judge Larry Hendricks for blocking that ridiculous anti-abortion law in Kansas #SemST,Favor
A little VAN action before work  #datadatadata #SemST,None
@ScottWalker   goes along with the world is the law of God and not of men #SemST,Against
@m_lonz @LifeNewsHQ Captors have already been born and are no longer part of the body of a pregnant woman. That's the difference. #SemST,Favor
The right to #choose? Thats a #lie! #babies don't choose to #die! Prolifeyouthgen #SemST,Against
"It's not #yourbody, so it's not your #choice.youthgen #SemST",Favor
A #person's value is not determined by his #size. #prolifegen #prolifeyouth #SemST,Against
Before I formed you in the #womb I knew you. #prolifegen #prolifeyouth #God #SemST,Against
Even the #smallest #person can change the course of the #future.youthgen #SemST,Against
The right to control one's body is not a license to kill.Youth #SemST,Against
"Does a #pregnant #woman have 2 heads, 2 hearts, 4 arms, and 4 legs? #prolifeyouth #prolifegen #didntthinkso #SemST",Against
The #right to #life should be the #first among #humanrights -Pope Francisyouthgen #SemST,Against
"You have a #God given right to #live. And of all places, inside your #mother. -Phil Robertsonyouthgen #SemST",Against
Since #roevwade 1/3 of my #generation has been #aborted. Where were their #rights?youthgen #SemST,Against
It is a #poverty to decide that a #child must #die so you may live as you wish. -Mother Teresa #prolifeyouth #prolifegen #SemST,Against
How can there be too many #children? That is like saying there are too many #flowers -Mother Teresa #prolifeyouth #SemST,Against
Pretend I'm a #tree and #save me. -babies everywhereyouthgen #SemST,Against
If it isn't a #human life then why does @PPFA have a problem with us?youth #itisahumanlife #SemST,Against
Before we go looking for #life on other #planets we should #stop #killing life on this one. #prolifeyouth #prolifegen #SemST,Against
The answer to a #crisis #pregnancy is to eliminate the crisis not the #child.youthgen #SemST,Against
"'Amen, I say to you, whatever you did for one of these least brothers of mine, you did for Me.'  Mt 25:40  #ProLifeYouth #SemST",Against
"Jesus loves the children of the world, the born and the unborn.Youth #SemST",Against
"#ProLifeYouth know that human life = human life, inside the womb or out. #SemST",Against
Legalized tweeting-instead-of-procreating discriminates against the unconceived child. #worstargumentever #lolanti #SemST,Against
"Call me an #extremist, but I think #dismembering babies is wrong.youthgen #SemST",Against
Do to others whatever you would have them do to you. This is the law and the prophets.  Mt 7:12  #ProLifeYouth #SemST,Against
@DardenMBA As a former fetus I oppose #ProlifeYouth #SemST,Against
They haven't eliminated #murder. They just call it by a different #name. #prolifeyouth #prolifegen #SemST,Against
"One, we are pro life Two, a little bit louder Three, I still can't hear you  Four, more more moreYouth #SemST",Against
"@kilcurry he is still waiting for an answer, instead of wealding his authority to put a stop to it and disobey the government. #SemST",None
"I'm a woman who cannot conceive, and I proudly beg you to reconsider killing what I'd die for.               #ProLifeYouth #SemST",Against
"Without #life, the right to liberty and the pursuit of happiness aren't possible. #ProLifeYouth #AllLivesMatter #SemST",Against
Abortion is legal all nine months in Canada and in some parts of the USA. #ProLifeYouth #SemST,Against
@kilcurry in those hospitals that signed up to the legislation. #SemST,None
It's time to be a #voice for the #voiceless. Stand up for the #unborn! #AllLivesMatter #ProLifeYouth #chooselife #SemST,Against
"I am a man, but I feel most qualified to make healthcare decisions for women.   #ThingsYouDontSayAsAPolitician #SemST",Against
"This is a debate about our understanding of human dignity/what it means to be a member 0 the human family/even tho tiny, powerless. #SemST",Against
"@ProLifeYouth Precisely! In God's eyes, ALL life is precious. Let's make this generation the one who ends abortion! #ProLifeYouth #SemST",Against
"RT @OurBrother1: ""A nation that kills its own children has no future.(On Abortion) ~Bl. John Paul II #SemST",Against
Will you be my #voice? -unborn babiesyouthgen #SemST,Against
Thr r no rights w/o responsibilities. The rt 2 bodily autonomy comes w/ the responsibility 2 care 4 1's unborn child #ProLifeYouth #SemST,Against
#ProLifeYouth know that life begins at conception. #SemST,Against
@JustinTrudeau I also support Men's wrongs as well as Women's rights #Standforchoice #womensrights #SemST,Favor
Had a great meeting today with two guys who I know are reading this tweet... Welcome to the team! Excited to expand Team Sobhy!!  #SemST,None
You will not #silence my message you will not mock my #God you will stop #killing my #generation.youth #SemST,Against
I can tell women what to do with their bodies  #ThingsYouDontSayAsAPolitician #SemST,Against
Why are we all here? Because all of our mothers granted us the gift of life and did not abort us. All life has value. #ProLifeYouth #SemST,Against
"Canada's legal definition of ""human being"" is based on 17th century science. It's time for an update. #ProLifeYouth #cdnpoli #SemST",Against
"Why is bacteria considered life on Mars, but a heartbeat is not considered life on earth? #heartbeat #SemST",Against
"@umich Unjustified homicide should ALWAYS be illegal, including #ProlifeYouth #SemST",Against
#ProLifeYouth know that human life in the womb is as valuable as human life outside the womb. #SemST,Against
The world is waking up to the fact that killing babies is wrong. No matter what. #ProLifeYouth #SemST,Against
"#ThingsYouDontSayAsAPolitician: ""I'm personally opposed to #abortion, but...""  Abortion is WRONG. Period. youth #SemST",Against
Why don't black lives matter in the womb? #SemST,Against
"@LogicOfLife7 I don't confuse ""right to life"" with 'right-to-use-someone's-body-without-consent'. Do you? #rapeculture #SemST",Favor
@mikeboydprice @Jake_Witmer @ProLifeLiberty Where did we get that right? When did we get that right- at conception? #antichoice #SemST,Against
@LogicOfLife7 I don't think I have a right to use someone else's body without consent. Do you? #rapeculture #SemST,Favor
"@LogicOfLife7 No one is advocating ""punishment"". Would you force ppl to give birth against their wills? #rapeculture #SemST",Favor
"@LogicOfLife7 Premise is wrong. Nothing on earth has a ""right"" to use someone's body w/out consent. #rapeculture #SemST",Favor
@UCBerkeley No Such Thing As An Unforced #ProlifeYouth #SemST,Against
In Ireland the unborn child has constitutional protection. Long may this continued.Youth #SemST,Against
"#ProLifeYouth have no chill, and we're dang proud of it. Human rights injustices should never be treated lightly. #prolifegen #SemST",Against
#ProLifeYouth if you are truly a feminist you would be fighting for the woman's life that is in the womb. #AllLivesMatter #SemST,Against
"@kfadich Every sperm is apparently sacred, and entitled to use of someone's body. #rapeculture #worstargumentever #SemST",Favor
A nation that kills it's own children is a nation without hope. -Pope Saint John Paul II #ProLifeYouth #AllLivesMatter #SemST,Against
@k8write95: 1/3 of my generation is missing. And it can't be changed. But we can change the future.   #ProLifeYouth #SemST,Against
"The causes & circumstances of pregnancies vary, but one thing is unwavering: a human with a right to life. #ProLifeYouth #SemST",Against
@bethanyshondark do you mean Bristol? She was just being honest about her feelings - many can relate - hope they choose life too! #SemST,Against
@prolife_wife Yup. The women in the womb are as precious as those who are outside of it. #ProLifeYouth #AllLivesMatter #SemST,Against
"Size,Level of development, Environment,Degree of dependency do not affect a human's value. . A fetus is a human being #ProLifeYouth #SemST",Against
A nation that kills its own children is a nation without hope. -Pope Saint John Paul II #ProLifeYouth #AllLivesMatter #SemST,Against
"#Abstinence proponent #BristolPalin, pregnant with second child, conceives of #humility.  #MirthControl #BirthControl #SemST",None
"Your life, your body, your choice.  #womenshealth #womensrights #SemST",Favor
"@CandiesOrg Oops she did it again Bristol is PREGNANT. Candies is a waste.  U paid her 400,000 for WHAT? PPL Send ur $ to #SemST",None
"I get the whole ""Kill your darlings"" advice, but I feel like an abortionist with all these unfinished stories. #Writing  #Literary #SemST",Against
"Bristol Palin doesn't want any lectures, you guys. That's her job. #hypocrisy #15minutes #SemST",None
"I don't plan on ever having an abortion, but here's the thing ...I don't think anyone ever PLANS on it. #SemST",Favor
RT @Esmerald_Kiczek: Children are the greatest blessing which God has bestowed on man and woman. -Pope Francis #SemST,Against
"My body, my life. You fuck it up in a way I'm not prepared for and I will kill you. #SemST",Favor
"'Cursed be anyone who takes a bribe to shed innocent blood.' And all the people shall say, 'Amen.'  Deuteronomy 27:25 #dropsmic #SemST",Against
"@saadoescatholic: #Americans have the right to #life #liberty and the #pursuitofhappiness, so why dont #unborn Americans?   #SemST",Against
"Messed up: Being outraged that it's legal to distribute images of abortion, but being fine with abortion being legal. #No2Trudeau #SemST",Against
It hurts my  2 C ppl more offended over a flag/symbol than deaths/abortions of millions of innocent children! #flag #Mississippi #SemST,Against
@crazygranny56 More #blacks killed by abortion than during #slavery #ConfederateFlag #SemST,Against
Dear #BristolPalin. STOP. Just FUCKING STOP. You have choices. It's called #abortion. Take it or leave it but quit whining. #fem2 #SemST,Favor
"If we ever forget we're one Nation under GOD, then we will be a Nation gone under. #Reagan #Christian #2A #DogLover #Conservative #SemST",None
RT @dave_gosh: Im Prolife and Abortion has and will always be taking a life!  #ChooseLife #Christians #Prolife... #SemST,Against
"Life Fact: At just 9 weeks into a pregnancy, a baby begins to sigh and yawn. #LifeFact #SemST",Against
"Every good Christian wants to make sure the unworthy ""those people"" don't have health insurance. Because Jesus. #RedState #tcot #SemST",None
No ones fenna die from this heat on my watch. #SemST,None
Today catch me at @TJBballCamp  basketball camp.... #work #youthbuilding #thejourney42 #SemST,None
"you have to live with that murder I am speechless with rage , hurt and complete disgust.Finding it V.hard to hold my tongue here #SemST",Against
@AnnaLoMLA one step forward in the right direction #SemST,None
All babies are a blessing @BristolsBlog  thank you for loving what you been preaching #SemST,Against
Undergirding every important issue today is this:  what is truth?  #marriage #racism #gender #SemST,None
Good Friday morning #patriots. Make it ur best one ever. #Smile all day long. #LNYHBT #RescuePets #SOT #SOV #NeverGiveUp #SemST,None
"#SCOTUS decision on homosex'lity-based ""marriage"" carries as much moral authority as its past decision on Roe v. Wade: #Anti-Truth #SemST",Against
"Dear #SCOTUS, now that you deemed it constitutional to ""defend the rights of ALL people,"" can we get a ruling to abolish abortion? #SemST",Against
"Just like abortion, even though SCOTUS says gay marriage is legal doesn't make it moral. #SCOTUSMarriage #FreedomOfReligion #SemST",Against
Woe to those who call evil good & good evil. Isaiah 5:20 #SCOTUSMarriage #SemST,None
Of mothers advising their daughter's to abort are insane! It's unacceptable!! #Condoms #ItsNotOnItsNotSafe #SemST,Against
So happy that America is making it possible for ALL of its people to be married to the ones they love!  #MarriageEquaility #SemST,None
"How can I continue to say ""God bless America"" when this country continues to approve and glorify things in opposition to Him? #SSM #SemST",Against
"@BristolsBlog second out of wedlock pregnancy and you don't want a lecture, you just want to give them? STUNNNG. #SemST",None
"@LifeMattersJrnl Once again, whose body do you have a ""right"" to use w/out consent? Still waiting. #rapeculture #SemST",Favor
"Why would a mother advice her daughter to abort?? Shame, responsibility, but truly is that the best advice?? #ItsNotOnItsNotSafe #SemST",Against
RT @StMotherTheresa: ...anything that destroys God's gift of motherhood destroys His most precious gift to women #motherteresa #SemST,Against
"Well now that marriage is out of the way we can focus on abolishing abortion, stoping the murders of unborn children #SemST",Against
"Hey, #BristolPalin, when Alaska asked you to promote ""wide open spaces,"" pretty sure they were talking about the state. #SemST",None
"on a side note, just because you think smtg is wrong, doesn't mean everyone else  have to live accd to your beliefs.. ^^ #SemST",None
Woah the hashtag puts the rainbow heart itself there that's weird #butimnotgay #SemST,None
I refuse 2comply w/Bad laws. Just Because #SCOTUS forced laws on us does NOT make them right. They force bad laws on us: #SemST,None
Just owned a woman who works for planned parenthood. #factsonly #SemST,Against
If it's getting old maybe you should stop calling embryos & fetuses babies. #SemST,Favor
@_hannahwilhoit @paigem32 I'm done with the convo. But before I go. #SemST,None
Ok now how about we handle up on something just a little more important.....like MURDER   #SemST,Against
@WhiteHouse  @POTUS All children except the millions that have been aborted #everylifematters #SemST,Against
The only solution I see against the #POTUS #SCOTUS #Tyranny is #ArticleV #FederalistPapers #SCOTUScare #GayMarriage #wtf #SemST,None
"Why do you cry when a dog dies in a movie, but it doesn't seem to phase you that so many babies die because of abortion?  #SemST",Against
"@GregAbbott_TX when did God define anything? Right, you are just a bigot trying to stick to your closed-minded agenda. #bigot #SemST",None
It's so brilliant that #lovewins - now extend the equality to women's rights #abortionrights #SemST,Favor
Can we get a law for the little ones who can't even speak for themselves? #ProLifeYouth #EVERYLIFEMATTERS #gay #straight #baby #SemST,Against
"Life is #precious & so are babies, mothers, & fathers. Please support the sanctity of Human Life. Think #SemST",Against
They made same sex marriage legal but they won't make abortion illegal. What is wrong with this world?  #adamandevenotadamandsteve #SemST,Against
Since now the LGBT community received equal rights now it's time to give equal rights to the unborn community! #SemST,Against
@POTUS if every child matters regardless of skin color? why do we as a nation continuously keep aborting them? #AllLivesMatter #SemST,Against
Now we just need to give women everywhere their rightful choice #SemST,Favor
"Selfish men everywhere: ""#BirthControlHelpedMe cheat on my wife! But she found out anyway & our marriage was destroyed. #SemST",None
"We say God bless America but we kill 4,000 babies a year. #SemST",Against
"@SuePalmers @LSDsr Nothing to do with me.  It's not my choice, nor is it yours, to dictate what another woman chooses. #feminism #SemST",Favor
So can unborn children have rights now? #SemST,Against
Alright #SCOTUS your next order of business should be overturning #roevwade  #SemST,Against
"It's great that same-sex marriage has been made legal, but how long will it take to make abortion illegal? #SemST",Against
@TheReadClub He who wears the shoes knows where it hurts but I'm Pro-life. #TheReadClub #SemST,Against
@MeghanMcCain so because #SCOTUS ruled fors you think everyone just threw their hands up and supported #LoveWins #SemST,None
Good reminder that over 57 million children have never been granted the opportunity to share the air we breath. #Equality #SemST,Against
We are people who believe every child is entitled to life and liberty.... -@BarackObama  Yet abortion is still legal. #SemST,Against
"@mrprolife Complications come with all types of medical procedures, doesn't mean procedure itself should be banned. #DealWithIt #SemST",Favor
#bristolpalin is more proof that #abstinence only education doesn't work. Affordable access to contraception #SemST,None
"Any asshat ""protesting"" against @SofiaVergara is a disgrace to the entire Women's rights movement. Live and let live. #SemST",None
"Any asshat ""protesting"" against #SofiaVergara is a disgrace to the entire Women's Rights movement. Live and let live. #SemST",None
@abelitomiranda ...about the millions of aborted children? Lets fix this too #LoveWins #SemST,Against
@Scullybones027 And where is @AmnestyIreland ? Nowhere to be seen - cause they only care about #SemST,None
Okay so how about declaring and protecting equality for the unborn now? #SCOTUS #Murder #SemST,Against
Why do we think we can outsmart #satan when he has been at it for over thousands of years? #scotus #marriage #isis #LoveWins #SemST,None
"@ErikLoomis You're a historian? Of what , malice? Your hatred of her child is astonishing. #palin #SemST",None
Equal rights for all @SCOTUS? Except for the unborn?? #ycot #overturnRoe #SemST,Against
@ArkBuilder17 we may disagree but I love ya man I don't want hard feelings #SemST,None
Today the proverbial straw broke the back of America It's just a matter of time We've gone too far... #LoveWins #SemST,None
"Abstinence spokesmodel and brawler, Bristol Palin is pregnant and not at all happy about it. Poor little rich girl! #Hypocrite #SemST",None
If you want #Equality then let ALL the babies live!! #SemST,Against
"Because as long as we're ending innocent lives, love has won nothing. #SemST",Against
It's a good day to be alive :) everyone deserves to have the choice to marry the person they love! #LoveWins #EqualityForAll #SemST,None
Now the matter of abortion comes next. #SemST,None
@TheHeavySquad  #DailyWordsOfWisdom Pat's best Hell is for children  still defines goverment #fostercare #adoption #SemST,Against
Equality in the states is a nice step forward to a better America. #ProudToLove #SemST,None
RT @rxchelredekop: Consenting to sex is not consenting to being pregnant!!! Like!!! No!!!! #SemST,Favor
Everyone who disagrees has always had the right to mind their own damn business!!!! #LoveWins #SemST,None
Bad 2 days for #Kansas Conservatives #ksleg @govsambrownback going 0-4 in courts #SCOTUSMarriage #SCOTUScare #schoolfunding #sweep #SemST,None
"Now that there's marriage equality, can we start working on equal rights for unborn children? #SemST",Against
"@web_rant No, it shows that liberals should start thinking about the consequences of their actions #polygamy #gaymarriage #SemST",None
I'll always put all my focus and energy toward keeping people alive instead of deciding who gets to marry. #SemST,Against
"@BarackObama celebrates ""equality"" while 3000 unborn babies were killed today. Let's talk about a real inequality sir #LifeEquality #SemST",Against
So unfortunate #thebriefcase @cbs. Adoption isn't always the answer. #SemST,Favor
"Now that the govt and The Supremes have saved the gays, maybe they will save the babies next. #SemST",Against
"In the aim for equality we have forgotten the most innocent, the smallest, the most precious among us. The unborn. #catholic #SemST",Against
What about the equal rights of unborn humans in which about 1% could grow up to be LGBT? @SCOTUS #LoveWins #SemST,Against
Part of our celebration will be dancing our butts off to a LGBTQIA pride inspired playlist. What songs should we add to our list? #SemST,None
"@conspiracyimage @ThislsAmazing actually noone said they dont consider it life, and an abortion is between a woman and her doctor #SemST",Favor
@slowdoghdfc I know. God won't be mocked tho. So I blv we shd expect judgment~as if thr wr not already enuf rzn 2 judge America. #SemST,None
"@michaelianblack i don't follow the news, is there a new law that ALL gay people have to get married? I'm against that! #SemST",None
"True equality"" allows all to be born. #SemST",Against
"Just a reminder, don't take your eyes off #SCOTUS yet #reprohealth is still on the line. #womensrights #ReproJustice #reprorights #SemST",Favor
Can we make sure #lovewins for babies too? Or nah... #SemST,Against
@Caleb_Lopez760 it is legal bro and its #SemST,None
I'm gonna fuck @CaitlynGuyerXOX Next weekend  #SemST,None
Forced reproduction is a human rights violation. #feminism #abortionrights #SemST,Favor
If you planted a garden you don't pull out the plants before they have a chance to bear fruit. #SemST,Against
WORLDWIDE R.E. Agents! - Support a ProLife Group (U-choose) at NoCost ProLifeRealEstate@Yahoo.com #SemST,Against
"I feel the greatest destroyer of peace today is 'Abortion',... Mother Teresa #SemST",Against
@j6fras same but I got hated for it. #progod #progun #SemST,None
#Humans have taken over the role of #God - #RachelDolezal #CaitlynJenner #SCOTUSMarriage #SemST,Against
Off to the #clinic this morning. 2015 and we still have to chase away anti-choice nutters harassing our patients. #SemST,Favor
@Catniptwoshoes @hoursofChaos @bindelj if men could get pregnant things would change pretty quickly! #BackOff #SemST,Favor
lifeboatcoffee Thanks for the follow! Done with SB and other companies on the left. All about #1M1W #CCOT #SemST,None
#SoProLife they want to force Texans to carry pregnancies that WON'T EVEN PRODUCE LIFE. #SemST,Favor
"HOW COULD I DIE BEFORE EVEN I BORN,TO YOU I AM JUST TINY LITTLE THING THAT DOESN'T MATTER #SemST",Against
RT @ProLifeYouth: #SCOTUS says they support equality for all. Well what about equality for the unborn?  #SemST,Against
"Manipulation, Disguise, & Evil is always seen by the out-come. The Ugly Doors of Satan appear in all forms when it's Fake Love. #SemST",None
"RT @ORConservative: @POTUS @Pontifex Everybody but the unborn, right? #SemST",Against
In church for a Pro-life meeting. I will be the voice for the unborn. #SaveTheBabiesBumpThemAnimals #GodIsLoveSoLoveWins!! #SemST,Against
We're at a moment where we need the kind of intergenerational dialogue that RBG brings @irin  @AspenInstitute Spotlight:Health #SemST,None
We should not deny the basic human right to life for unborn babies. #LifeWins #EndTheDiscrimination #SemST,Against
@KC_Football_Guy I am all for focusing on things that matter. #ISIS #Racism #Immigration #ChiefsKingdom #SemST,None
The day that love will truly win is the day that the injustice known as abortion is abolished. #AllLivesMatter #SemST,Against
Bigger problems 4 #Christians than same sex #marriage: #worldhunger #cleanwater #sextrafficking #slavelabor #womensrights #thelost #SemST,None
You support #abortion? Never had an abortion? You'll still have to give account to your Creator for the taking of innocent life. #SemST,Against
There Will Never Be Enough Of Us should be the slogan at #SemST,None
I'm so glad this is Not My Home! #NMH #SCOTUSMarriage #ACA #SemST,None
Ever notice how ppl like Cruz  who say they love the Constitution  are always the ones who want to change it? #ACA #GayMarriage #SemST,None
Great college training in Stevens Point today!gen #WRTLCollege #SemST,None
@vandergraafly Keep up the good work! They are nutters #SemST,None
There's an undeniable inverse correlation between women's right to choose and crime rates #womensrights #SemST,Favor
I wonder if America will like focus on real issues now #starvingchildren #abuse #nationaldebt #terrorism #SemST,None
Gay Marriage & Murdering the Unborn will always be a SIN in GODS eyes. #ccot #tcot #jesus #bible. #SemST,Against
"If you're all about equality, then the unborn babies get an equal chance at life too....#EqualityForTheUnborn #SemST",Against
"@nytimes Thanks to anti-choicers, women dealing with this may also face prosecution. #SemST",Favor
"When you abort a baby, you don't just abort one person ...you abort generations. #SemST",Against
"Abortion is on the wrong side of history: healers, inventors, artists, your wife, your husband, your best friend, all eliminated. #SemST",Against
Spent the WHOLE day on my highlight film from my Israel trip...I'll post the link and Instagram the link to it  #ballislife #SemST,None
if it wasn't for harry all my favorite characters would still be alive #SemST,None
@CrimsonHotMess don't need your input but thanks. #womanschoice #controlyourownbody #SemST,Favor
"Is #America still ""One Nation Under God"" #violence #racism #samesex #LustWins #populationcontrol #hate #atheism #Secularism #SemST",Against
Thanks @Jeffrey_Addison  Kudos to @VolvoCarsAus for caring about the safety of unborn children #auspol #SemST,Against
RT @AdvocatesOfLife: RT @ProLifeYouth Adopting a child shouldn't cost more than aborting one.   #adoptionclini... #SemST,Against
On my bday I'm always so grateful to my bio parents who gave me up for #adoption #nochoiceisevereasy #SemST,Against
That's like being into cannibalism but against abortion.comparing being against eggs but loving chicken. #cannibalism #analogy #SemST,Against
"@FollowFIDF The Gods #Law, the #Truth, is being #supressed! They thing they are eternal! #gaymarriage #LoveWins #SemST",None
It should never ever be legal to have an abortion because murder is wrong & #AbortionIsMurder not #healthcare . We Must . #SemST,Against
"if we can accept that a mother can kill even her own child, how can we tell other people not to kill one another?  #SemST",Against
How much do we really believe in equal rights for all mankind? #unborn #LoveWins #followthrough #SCOTUS #roevwade #science #SemST,Against
Girls don't want boys. Girls want #SemST,None
Mzwakhe mbuli says doctors & nurses are paid assassins.. they kill unborn babies & give it a fancy name #SemST,Against
People aren't 'pro-life' they're 'pro-birth'. When a mother can't provide what happens then? #SemST,Favor
What is it that makes the human race behave in an undignified way to gain attention? #furgison #prideparade #potus #isis #lgbt #SemST,None
"I'm pro choice for if you want to kill living babies, go right ahead. #SemST",Favor
"Just remember, there is a living family out there just waiting to #adopt your aborted baby. #SemST",Against
@forrest_grump Large parts of it were difficult to write so I can't imagine having to read the fucking thing. #SemST,None
What the leftists are doing is putting all Americans in danger! #tcot #UniteBlue #LoveWins #LGBT #SCOTUS #SemST,None
Every human person - is a being of inestimable worth created in the image and likeness of God. -St. JPII #SemST,Against
@WildChild69 @AnnieJMJ @binghamrk Jesus says to trust him in ALL things not to put trust in men or the world. #SemST,None
"If Doctors used guns to perform abortions, would liberals then be opposed? #2A #liberallogic #SemST",Against
@SaculSacul @GVPrayerWarrior No guarantee she will be destroyed I trust God. #SemST,None
I don't hate LGBT but I disagree with same-sex marriage. #SacramentofMatrimonyisSacred #SemST,None
"We all have a duty to protect the sanctity of life...from the first cell division, to the last. #ProtectLife #pjnet #ctot #ccot #SemST",Against
When Laws are passed by SCOTUS that defy a Gods laws it is always the children who suffer. God bless the children. #promarriage #SemST,Against
do you spend more in cares to animals than in charity? #LaudatoSi #SemST,None
"(3/3) So when @AUL tells you MLK was #prolife, they're lying. (Their gullible followers r likely just misinformed). #UniteBlue #SemST",None
RT @rob_mcarthur: @JustinTrudeau try joining the millions of slaughtered unborn CHILDREN robbed of their right to choose. #cdnpoli #SemST,Against
RT @modernwerewolf: Why doesn't anyone congratulate me for NOT getting knocked up? Throw me a damn shower #ReproJustice #SemST,None
Time to make a change in my boxing style can u say @GGGBoxing style but still be great on my defense #beastmode #boxing #ximenez #SemST,None
We are surprised at #SCOTUS ruling on marriage? Isn't this the the same government agency that legalized murder? #SemST,Against
Love Wins? No it didn't. Love won't truly win until there is an end to abortion. Unborn babies deserve love too. #SemST,Against
U don't have to be a religious to be pro-life. All u have to believe is that every life is sacred #SemST,Against
"@NYCanegirl the premeditated taking of an innocent human life is 1st degree murder, and you know it. #SemST",Against
@PnkGlitterChemE @SayNoToSuicide4 Being #Gay is a #Choice Just like #SemST,None
remember the gates of Hell will not prevail. #GayMarriage #SemST,None
"Yo if you decide to set yourself on fire cause gays are allowed to be married, that is 100% your choice and I am in support of it #SemST",None
@nice_euna Its not only safe but contrally to the ten commandments... Thy shall not kill #ItsNotonItsNotSafe #SemST,Against
Parents have left their role to the teachers! Parents need to have skills to reach out to their own children it's important! #SemST,None
Peer pressure is real! Parents also need to get real! Lay the facts right on sex! To those who are misleading shame on u! #SemST,None
@madisonfletch_ but it's ok. at least it's only yo your hand that smells like dick #SemST,None
@nice_euna As much as they try the notion of ts the 21st century its killing a lot..... #SemST,Against
"@LadySandersfarm love is only love if it's on her terms. Keep your faith in Jesus, He is your Anchor in this storm. Hebrews 6:19  #SemST",None
@SenTedCruz Great job on @TODAYshow. #Scotus should have been eliminated 41 years ago when they called for the murder of children. #SemST,Against
Since 1973 the USA has killed (via abortion) over 5 times the number of ppl Hitler is considered responsible for killing #SemST,Against
Another SCOTUS decision I do not agree with. It's time to do away with the death penalty all together. #SemST,None
Hadn't seen October Baby until the other night. Had me crying thru the whole thing...I don't cry at movies. So touching! #adoption #SemST,Against
@StevenWHawkins @AmnestyOnline & yet Amnesty advocates child murder! #SemST,Against
"@AlietaEck ""Courage isn't living without fear.  Courage is being scared to death and doing the right thing anyway!""  #SemST",None
Roe v Wade prevented the biggest crime spree predicted in U.S. history. The guns were there; the criminals weren't. #gunsense #SemST,None
"@LifeNewsHQ I would consider this, to be dispersal of a chemical weapon, one that kills children. #SemST",Against
"@JohnFugelsang I'm not surprised murder is legal in Israel, should be illegal in civilized countries like USA #SemST",Against
".@ChadCottle From 1.4 million/yr to 1.1 million/yr. The ONLY way to make them decline to <5,000/yr is by making abortion criminal #SemST",Against
"Pregnancy is not a crisis. It's a gift. Whether they be wanted by you or someone else, no child is unwanted. #ChooseLife #Adoption #SemST",Against
"@Andrea_provida Or another hypocrisy are  those who campaign for animal rights but are ""pro choice"" . #SemST",Against
"Justice Breyer et al think injections into arms of killers is heinous.  No word on acidic saline executing unborn babies, however.  #SemST",Against
"@CoraSherlock @NORTHANNE @fdelond you Cora ignore that IRE export the 'problem',to UK @MarieStopes #itwontgoaway #repealthe8th #SemST",None
Bernadette Smyth is an ignorant thunder cunt.  Not her life. Not her body. Not her business.  #ItsABallOfCellsNotABaby  #NewsNI #SemST,Favor
It is a poverty to decided that a child must die so that you may live as you wish. -Mother Teresa #SemST,Against
#Liberals don't realize they conceded the debate. Now - per Shaw - we are just going to haggle over price.   #Idiots #SemST,None
"#SignsYoureInTheUSA Doc can pull baby 3/4 way out of the womb, stick a knife in its head 2 kill the child & @SCOTUS says its OK #SemST",Against
#SCOTUS blocking part of our Texas Anti-Abortion law.  Maybe we should call them the Supreme Tyrant.  #tcot #tgdn #SemST,Against
SCOTUS at it again!  Blocks Texas from enforcing part of new abortion law!  We have to stop killing babies! #SemST,Against
Abortion laws should be designed to make it harder to get an abortion. Abortion is murder! #SemST,Against
"#SupremeCourt  is on a roll this week, did they just discover #coffee or something?? #MarriageEquaility #SemST",None
"@SCOTUSblog My @TheGoodGodAbove, is it 1973 already? #SemST",None
Well that's a win for women in Texas. Thank you SCOTUS! #texas #SemST,Favor
Adding to the progress of this week the Supreme Court is also allowing Texas abortion clinics to stay open! #SCOTUS #SemST,Favor
It's time to end the #deathpenalty in the United States. #wholelife #SemST,Against
abortion clinics... back alleys with a profit center and air conditioning?  #SemST,Against
Our spirits Live on - thru the FAMILY BLOODLINE  - ONCE YOUR Bloodline is Destroyed  - U WILL NEVER REINCARNATE AGAIN   #LGBT #SemST,None
Definitely the #SCOTUS today has landed where women are. #Texas #clinics #issues #SemST,Favor
Progress for #AfricanAmericans check. Progress for #Gay people check. Progress for #Women. Waiting waiting waiting.... #SemST,Favor
Happy to hear the #SCOTUS blocked closing of 10 abortion clinics in TX until an appeal can be heard #safelegalrare #thinkprogress #SemST,Favor
"@enilk1988: @Chris_1791 @Doodisgirl   thought it was just tissue"" #SemST",Against
"Sweat, killed and cut up his victim, extreme deadbeat parents do the same to innocent babies by abortion, #scotusabortion #SemST",Against
"If the fetus isn't inside you, than shut up love #SemST",Favor
"@jacelarson He's not concerned about women's health, it's all about control. Stay outta my lady parts, Mr. Patrick! #SemST",Favor
"How can you be ""against abortion"" and also want to take away all the free birth control clinics for the poor? How? #SemST",Favor
The Supreme Court justices are on fire this week #LoveWins #SemST,None
@davebachman34 @Clifford1462 @msnbc you know what massively reduces abortion? Sex education and access to birth control. #SemST,Favor
Just because it is legal doesn't make it God honoring #SameSexMarriage #180themovie #AudacityMovie #SemST,None
"Roberts, Scalia, Alito, Thomas.  Hereinafter, "" R-SCAT "". #SCOTUS #Equality #SemST",None
#BlackLivesMatter Protesters wd'rather spray paint #Confederate symbols than concern themselves w/ Millions of Black Lives Lost to #SemST,None
Coming from a female that was taken away the ability to have children. I still believe women should have the ability to choose. #SemST,Favor
"@StAlbertCIVC do you have influence on policy on how the info is presented as a whole, given that you are listed as a Partner. #SemST",None
@SenatorLankford just a reminder that you are awful in every way and do not represent me. #prolove #proeducation #prohealthcare #SemST,None
At the Mass. State House again tomorrow for Planned Parenthood's Sexual Health Lobby Day #ReproductiveJustice #Feminism #SemST,Favor
EVERYONE has a right and choice of either HEAVEN or HELL. #ProMarriage #ProFaith #EternalLifeMatters #SemST,Against
A woman who deliberately destroys a fetus is answerable for murder.-St. Basil the Great #SemST,Against
". . . abortion is not self-defense, shooting the rapist is Kittington #PJNET #TCOT #SemST",Against
Americans clearly support family planning. Cutting Title X is wrong #ProtectPrevention #savetitleX #SemST,Favor
#DonRients: people aren't just killed by guns.  9 people died and that's sad.  But how many die daily from #abortion? #SemST,Against
@MarthaPlimpton It's not Monday on Twitter until some right wing troll sends me a video of an abortion #ReproRights #SemST,Favor
ALSO what the fuck gives a man the right to tell a woman what to do with her body? If she wants to get an abortion so be it Texas. #SemST,Favor
@OnlineForLife thank you for the way you beautifully communicate the pro-life message. You all consistently blow me away. #SemST,Against
@__HisKindaCrazy @_QueenTacoBell @thumperbunny88 Abortion is NOT illegal and I would never judge a woman for making that choice. #SemST,Favor
"During an abortion, something alive must become dead to be considered a successful abortion...  #p2 #tcot #ChooseLife #Choice #SemST",Against
@Anti_Fox_News @MannyMooncup @lexinelli @MattSears4 @FactsVsOpinion Hypocrisy: saying #LoveWins while supporting #QuitKillingGirls #SemST,None
The Constitution of Kenya 2010 is clear that abortion on demand is illegal.  #FIDA #SemST,Against
"What a great 7 days to be an American, especially a Texan. #SCOTUS  #LoveWins #Obamacare  #SemST",Favor
@FoxNews @BristolsBlog Not possible. #BristolPalin doesn't believe in #SemST,None
So prolifers are against health rights? #SemST,Favor
They know what's best for their safety. #SemST,Favor
Do you know anything about the right of bodily autonomy? Describe it then if you don't think the fetus takes it away from her  #SemST,Favor
SCOTUS has caused more repression and racism in this nation that any other group of people in America. #DredScott #Marriage #SemST,None
On my way to Sweden! @LETAccess #womangolf #letsgooo #SemST,None
"If 'tis not human beings in the womb, how do we harvest and transplant their organs onto human beings? #SemST",Against
"Breda O'Brien strikes again, why can't people just allow the woman who is carrying the 'child' to make her own decisions #Amnesty #SemST",Favor
RT @Paul71: Who's yer man in the #dail talking about bullying? The only bullying was Fine Gael bullying their own members! #SemST,None
@sassy_gramma Good point but  Our heart starts beating 22 days after conception we are alive at conception. #SemST,Against
"A pregnancy, planned or unplanned, brings spouses,families & everyone closer to each other. #Life is beautiful! #USA #SemST",Against
Gets rid of a daughter and pretends she never existed. #ParentTrapPlot or #SemST,Against
@wendydavis Pray?? You want me to PRAY that abortions and dangerous facilities remain unchecked?? #facepalm #SemST,Against
Abortion does not prevent rape. Kittington #SemST,Against
#Prolife laws kill women. Real #feminists are #prochoice. Calling us #feminazi? Because of course you have no arguments. #fem2 #SemST,Against
Demand the Senate vote to ban painful late-term abortions. Use your voice to help hold the Senate accountable. #bluemoon #SemST,Against
We are thrilled to announce that we will be opening a satellite office!  We'll be right across the street from #ASU !  #SemST,Against
U.S. Fed law does nothing to prevent killing of pre-born children even up til sec of birth or seriously address root causes of #SemST,Against
Way to go Mozambique.  Thank you for recognizing #Equality We should be allowed to make our own choices.  #SemST,Against
"Im against abortion & i stand by my opinion. No, its NOT just a mass of cells. #SemST",Against
.@RebeccahLouise I'm not forcing anyone to do anything. Abortion is not 'medical help' & there are better options. Very proud to be #SemST,Against
All of this has nothing to do w providing medical care - @NARALVirginia on TRAP regulations #scraptrap #SemST,Against
Murdering an unborn child is the crudest form of contraception! #Catholic #Christian #Conservative #feminist #SemST,Against
Don't see the big deal about all this #SemST,Against
"In so many ways, to so many people around the world, America really IS the ""Great Satan"" #GayMarriage #Drugs #WakeUpAmerica #SemST",Against
@helenantanova Turning it into a racial thing kek #SemST,Against
@StevenErtelt @GM_GXPfan My wife had an abortion when she was young She regrets it to this day #SemST,Against
@KarrattiPaul @chooseliferacer And gov't $ should never go to the largest corporation that murders little babies. Defund #SemST,Against
How the fuNk is Chris Christy a Republican? Oh Yeah hes a RINO #1A #2A #NRA #COS #CCOT #TGDN #PJNET  #WAKEUPAMERICA #SemST,Against
Abortion IS NOT a political issue it is a MORAL issue. #Catholic #Christian #Conservative #SemST,Against
The HHS contraceptive mandate has been challenged in #SCOUTS 6 times and has lost 6 times.      #contraception #SemST,Against
"If men could get pregnant, abortion clinics would be like Starbucks #SemST",Against
"In #scotus majority opinion, substitute abortion for capital punishment, and you have the opinion for the Texas clinic case. #SemST",Against
"because it is settled that [abortion] is constitutional, it necessarily follows that there must be a means of carrying it out. #SemST",Against
"Put into perspective: Est 32,000 rape-caused pregnancies/yr = 22x less than est 730,000 abortions/yr. #StrawMan #WarOnWomen #SemST",Against
@saintjohnfargo @chrisgeidner @tweetbrk Ginsburg already supports the death penalty..she calls it #SemST,Against
@DarkTechMonitor @Colonel_Ted @chrisgeidner Ginsburg already supports the death penalty..i.e. #SemST,Against
Abortion is not contraception. Contraception is about preventing pregnancy. Abortion is terminating a life.  #CCOT #SemST,Against
@UberFacts because that 9% utilized that wonderful gift of choice (#proChoice). #SemST,Against
@UberFacts because a good percent utilized that wonderful gift of choice (#proChoice). #SemST,Against
I had a word with some of the antiabortion protestors. Calmer after buying bi pride colour yarn for a friend & I. Haberdashery <3 #SemST,Against
" Mary, Help of Christians persecuted everywhere, pray for us!  #HolyLove #UnitedHearts #MaranathaSnS #profamily #1m1w #marriage #SemST",Against
@usweekly I doubt she was clothed with anything when that pregnancy occurred. #SemST,Against
"#Mozambique's new penal code takes effect on Wednesday containing several significant new elements,including #decriminalisation of #SemST",Against
@Esmerald_Kiczek  Rock on girl!  We all know #AbortionIsMurder.   #SemST,Against
Do nothing at all unless you begin with prayer. -St Ephraem the Syrian #SemST,Against
"Abortionists refused to comply with these constitutional, common-sense standards. #NARAL #SemST",Against
"There is something very sinister, NAZI-esque, about folks who support killing babies. #qanda #auspol #SemST",Against
"...and said unto them, Suffer the little children to come unto me, & forbid them not: for of such is the kingdom of God. Mk 10:14 #SemST",Against
coffee out the nose or down the windpipe... next time... we're going for out the nose #thoughtiwasgonnadie #SemST,Against
@ToddPuckett1 we discussed how Business calculates risk factors. Drew was attacking #SpaceX inferring life is at risk. I invoked #SemST,Against
If being a mother's womb isn't safe I guess neither are churches; specifically black ones #WhoIsBurningBlackChurches #SemST,Against
If being in a mother's womb isn't safe I guess neither are churches; specifically black ones #WhoIsBurningBlackChurches #SemST,Against
How Ohio is secretly as restrictive as Texas with their #antichoice laws #TRAPlaws #SemST,Against
PRAYERS FOR BABIES Urgent prayer in Detroit MI ...two in San Diego CA&one in San Antonio  Life begins at conception  #SemST,Against
#Florida AttorneyGeneralBondi files appeal after Judge grants ACLU request to temporarily halt new law requiring 24hr wait before #SemST,Against
"Plenty of stem cells without baby smashing, by the way. #SemST",Against
"So, sorry Bernie Sanders. There are a lot of people that won't get a chance to be people. I had that chance and would like to share #SemST",Against
If #BlackLivesMatter why not black babies in the womb? Somehow their lives don't matter.... puzzled with that one. #catholic #SemST,Against
@HomunculusLoikm @SawyerAndrew @BryanBroome1 @jstines3 I don't think most women enjoy the experience. #SemST,Against
@HomunculusLoikm @SawyerAndrew @BryanBroome1 @jstines3 Bad analogy. The current time frame for abortion is the best compromise  #SemST,Against
@MI_IMMACULATA @GLORYtoGOD_143 @BenignoVito Very important to #PrayTheRosary to #PrayforthePersecutedChurch & to #SemST,Against
"Your body belongs to you. It doesn't belong to the church, the state or an embryo. #SemST",Against
Never during a pregnancy does a pregnant person's body cease being their own. Support bodily autonomy. Be #SemST,Against
"People go nuts on the #Onepercent, yet their fine with 0.0000023% of the population deciding their fate on #obamacare, #marriage, #SemST",Against
RT @LisetteHasHope: Yes I will be at @theRallyforLife! Counting down to it. Looking forward to standing up for the right to life #... #SemST,Against
everyone should have the right to make their own reproductive choices & recieve safe medical treatment without stigma. #SemST,Against
#PeoplesDebate Juvenile hysterics from that woman. Killing babies is bodily autonomy? People dying of neglect but lets have #VinB #SemST,Against
#PeoplesDebate Better every child born out of marriage + every mothers get #loneparents allowance than there be a single #VinB #SemST,Against
@toby_dorena I am in favor of women's rights and their right to choose. How I chose is irrelevant to others #SemST,Against
There's a gray area when it comes to abortion. We discuss the #legal & #ethical #dilemmas that #doctors & #patients face regarding #SemST,Against
You were alive for up to 9 months before you were bornKills #SemST,Against
@mrgeology They abort millions of their possible progressives for the future. #Downfall #SemST,Against
@oXGodLessXo @Canuckle_head @Atheist_Roo @atxbantamathy           /gags Dat face. #SemST,Against
@notmuchelse And the unborn ARE human lives completely human & alive from conception. Abortion KILLS #SemST,Against
"@toby_dorena Any pregnancy can turn deadly at any time, without warning. I can't force that on someone. #SemST",Against
"#Love does not delight in #evil, but #rejoices in the #truth ~1 Cor 3:6 #Loving requires always speaking truth #ProtestChildKilling #SemST",Against
"The same people that demand gov stay out of their vaginas, demand that gov legitimize their same sex bedrooms! Curious.  #LoveWins #SemST",Against
@ghhshirley Charged with Manslaughter After Another Woman Dies From #SemST,Against
@ghhshirley Abortion Workers Charged with Manslaughter After Another Woman Dies From #SemST,Against
@ghhshirley @WordfactoryQ @LeahNTorres Abortion Workers Charged with Manslaughter After Another Woman Dies From #SemST,Against
"@NARAL @TIME At the same time, this decision ISN'T always a difficult one. Don't let #antichoice guilt-trip people. #SemST",Against
If your agonist abortion get a vasectomy  #SemST,Against
When you bring up the 50 million black babies aborted in the past 30 years people get offended... #SemST,Against
"There's a law protecting unborn eagles, but not  humans uh, idk if you've noticed, but there aren't 7 billion eagles around. #SemST",Against
I am 1 in 3... I have had an abortion #AbortionOnDemand #MenstruationMatters #SemST,Against
"How dare you say my sexual preference is a choice, how dare you say dismembering my preborn isn't. #liberalism #SemST",Against
"Equal rights for those 'born that way', no rights for those not yet born. #LiberalLogic #liberalism #life #SemST",Against
#POTUS seals his legacy w/ 1/2 doz wins. The #GOP agenda? STILL!! Repeal #Gun laws & #Obamacare Ban Access 2 #TotalLosers #NoIdeas #SemST,Against
